Name,Term,ES,NES,NOM p-val,FDR q-val,FWER p-val,Tag %,Gene %,Lead_genes
prerank,Antigen processing and presentation,0.8154662006155259,2.5459248484953734,1.000000e-03,1.000000e-03,1.000000e-03,45/68,13.04%,KIR2DL1;HLA-DQA1;HLA-DQB1;KIR3DL1;KLRD1;KLRC3;CD8A;CD8B;KLRC4;CTSS;KLRC2;KIR3DL2;HLA-DRB1;HLA-DRB5;HLA-DPA1;IFNG;CD4;HLA-DPB1;HLA-DOA;KLRC1;KIR2DL3;KIR2DL4;KIR2DS4;HLA-DMB;HLA-DRA;CTSB;HLA-E;HSPA6;CD74;HLA-DMA;TNF;HLA-B;HLA-C;HLA-F;IFI30;CIITA;B2M;HLA-A;HLA-G;LGMN;CTSL;HLA-DOB;HLA-DQA2;HSPA1B;HSPA1A
prerank,Hematopoietic cell lineage,0.7476402444022151,2.456944125986152,1.000000e-03,1.000000e-03,1.000000e-03,60/89,13.47%,GYPA;GP9;ITGA2B;GP1BB;ITGB3;HLA-DQA1;HLA-DQB1;ANPEP;CR1;CR1L;CSF3R;IL1R2;ITGAM;CD14;GP5;CD8A;CD3G;CD33;CD8B;CSF2RA;CD3E;CD2;CD3D;CSF1R;HLA-DRB1;HLA-DRB5;HLA-DPA1;CD4;CD37;CD38;HLA-DPB1;HLA-DOA;CD7;GP1BA;IL2RA;HLA-DMB;HLA-DRA;IL1B;HLA-DMA;TNF;FCGR1A;ITGA4;CD5;FLT3;ITGA5;IL7R;MS4A1;IL3RA;IL6R;EPOR;CSF1;IL6;IL5RA;HLA-DOB;CR2;CD36;HLA-DQA2;FLT3LG;CD19;CD59
prerank,Osteoclast differentiation,0.7209440721335592,2.453714520179952,1.000000e-03,1.000000e-03,1.000000e-03,78/122,20.25%,ITGB3;FCGR2B;LILRA5;FCGR3B;FCGR2C;TNFRSF11B;FCGR3A;LILRA6;LILRB3;NCF1;NCF2;FCGR2A;LILRB5;LILRB2;OSCAR;LCP2;NCF4;LILRA4;SPI1;CSF1R;FOSB;BTK;IFNG;SIRPG;ACP5;SIRPB1;TYROBP;IL1B;NFATC2;LILRA1;TNF;TGFB1;LCK;FCGR1A;PIK3CD;FOS;LILRB4;LILRA2;SOCS3;CYBA;TREM2;NFKBIA;FYN;LILRB1;SIRPA;RELB;CSF1;NFATC1;GRB2;CTSK;IFNGR1;IFNGR2;SYK;NFKB2;JUNB;PPARG;GAB2;TGFBR2;SOCS1;FOSL2;MAPK1;AKT2;JAK1;MITF;JUND;CYLD;PLCG2;PIK3R1;IKBKG;TGFBR1;JUN;IRF9;IFNAR2;BLNK;IL1R1;TYK2;MAPK3;AKT3
prerank,Malaria,0.821702357723715,2.443526029754301,1.000000e-03,1.000000e-03,1.000000e-03,39/50,13.09%,GYPA;HBB;HBA1;HBA2;GYPB;CR1;CR1L;ITGB2;CXCL8;GYPC;SELP;THBS1;CD40LG;ITGAL;IFNG;VCAM1;TLR2;TLR4;IL1B;CCL2;KLRC4-KLRK1;TNF;TGFB1;ACKR1;KLRK1;COMP;KLRB1;IL10;SELE;IL6;TLR9;LRP1;MYD88;PECAM1;THBS2;CD36;CD81;ICAM1;CD40
prerank,Viral protein interaction with cytokine and cytokine receptor,0.7585820216746291,2.4261656578793076,1.000000e-03,1.000000e-03,1.000000e-03,57/87,13.12%,PPBP;PF4V1;PF4;CXCL5;CCL13;CCL5;CXCR1;IL18RAP;CCL23;CXCR2;TNFRSF10C;TNFRSF1B;CXCL8;CCL8;CCL4L2;CCL3L3;CCL3;CCL18;CXCL3;CCL15;CXCL9;CXCR4;CCL4;IL2RG;CCR5;CXCL13;CCR1;CCL7;CCL14;CCL11;IL10RA;CSF1R;IL2RB;CXCL12;CCL26;IL2RA;CCL2;CCL19;TNF;CCL24;CCR4;CXCL10;CXCR3;CCR7;CCR2;IL10;CXCL2;IL6R;IL18R1;CSF1;IL6;LTA;CCL21;XCR1;TNFRSF14;CXCL11;IL19
prerank,Graft-versus-host disease,0.8621775971073712,2.414808436582151,1.000000e-03,1.000000e-03,1.000000e-03,34/36,12.61%,KIR2DL1;HLA-DQA1;HLA-DQB1;PRF1;KIR3DL1;GZMB;KLRD1;CD28;FASLG;KIR3DL2;HLA-DRB1;HLA-DRB5;HLA-DPA1;IFNG;HLA-DPB1;HLA-DOA;KLRC1;KIR2DL3;CD86;HLA-DMB;HLA-DRA;IL1B;HLA-E;HLA-DMA;TNF;HLA-B;HLA-C;HLA-F;HLA-A;HLA-G;IL6;HLA-DOB;HLA-DQA2;CD80
prerank,Leishmaniasis,0.739038196949922,2.333649111139059,1.000000e-03,1.000000e-03,1.000000e-03,43/73,12.34%,HLA-DQA1;HLA-DQB1;CR1;FCGR3B;FCGR2C;CR1L;FCGR3A;ITGAM;ITGB2;NCF1;NCF2;FCGR2A;PRKCB;NCF4;HLA-DRB1;HLA-DRB5;HLA-DPA1;IFNG;TLR2;HLA-DPB1;HLA-DOA;HLA-DMB;TLR4;HLA-DRA;IL1B;CYBB;HLA-DMA;TNF;TGFB1;FCGR1A;ITGA4;FOS;CYBA;PTGS2;NFKBIA;PTPN6;IL10;MYD88;HLA-DOB;IFNGR1;HLA-DQA2;IFNGR2;IL12B
prerank,Allograft rejection,0.8562185638827463,2.3246532037745666,1.000000e-03,1.000000e-03,1.000000e-03,30/32,13.09%,HLA-DQA1;HLA-DQB1;PRF1;GZMB;CD28;FASLG;CD40LG;HLA-DRB1;HLA-DRB5;HLA-DPA1;IFNG;HLA-DPB1;HLA-DOA;CD86;HLA-DMB;HLA-DRA;HLA-E;HLA-DMA;TNF;HLA-B;HLA-C;HLA-F;HLA-A;HLA-G;IL10;HLA-DOB;HLA-DQA2;IL12B;CD80;CD40
prerank,Th1 and Th2 cell differentiation,0.7106793689388701,2.302297361706887,1.000000e-03,1.000000e-03,1.000000e-03,44/84,14.74%,HLA-DQA1;HLA-DQB1;CD247;CD3G;IL2RG;CD3E;CD3D;HLA-DRB1;HLA-DRB5;HLA-DPA1;IFNG;CD4;TBX21;IL2RB;ZAP70;IL12RB1;HLA-DPB1;HLA-DOA;STAT4;IL2RA;HLA-DMB;HLA-DRA;MAF;NFATC2;HLA-DMA;LCK;JAK3;FOS;RUNX3;NFKBIA;NFKBIE;LAT;STAT5A;HLA-DOB;NFATC1;IFNGR1;HLA-DQA2;IFNGR2;IL12B;RBPJ;STAT5B;MAPK1;IL4R;JAK1
prerank,Natural killer cell mediated cytotoxicity,0.6898473771718643,2.2923541766206013,1.000000e-03,1.000000e-03,1.000000e-03,56/107,13.03%,KIR2DL1;FCGR3B;PRF1;KIR3DL1;FCGR3A;HCST;ITGB2;NCR1;CD247;GZMB;KLRD1;PRKCB;KLRC3;RAC2;LCP2;FASLG;KLRC2;KIR3DL2;FCER1G;ITGAL;IFNG;CD244;ZAP70;KLRC1;KIR2DL3;TYROBP;SH2D1A;KIR2DS4;SH2D1B;HLA-E;NFATC2;KLRC4-KLRK1;TNF;HLA-B;CD48;LCK;KLRK1;PIK3CD;HLA-C;FYN;HLA-A;HLA-G;PTPN6;LAT;ICAM2;VAV1;PTK2B;NCR3;NFATC1;GRB2;VAV3;IFNGR1;IFNGR2;SYK;ICAM1;MICB
prerank,Staphylococcus aureus infection,0.7145521026436589,2.2832849046525836,1.000000e-03,1.000000e-03,1.000000e-03,42/80,7.31%,DEFA3;DEFA1;DEFA1B;FCAR;DEFA4;HLA-DQA1;CAMP;HLA-DQB1;FCGR2B;FCGR3B;FPR2;FCGR2C;FCGR3A;FPR1;ITGAM;ITGB2;C1QA;FCGR2A;C1QC;C5AR1;C1QB;SELPLG;SELP;C3AR1;C2;HLA-DRB1;ITGAL;KRT13;HLA-DRB5;HLA-DPA1;CFD;HLA-DPB1;HLA-DOA;HLA-DMB;HLA-DRA;FPR3;HLA-DMA;PTAFR;FCGR1A;DEFB4A;C4A;C4B
prerank,Autoimmune thyroid disease,0.82924279414948,2.2516309532385566,1.000000e-03,1.000000e-03,1.000000e-03,27/32,13.09%,HLA-DQA1;HLA-DQB1;PRF1;GZMB;CD28;FASLG;CD40LG;HLA-DRB1;HLA-DRB5;HLA-DPA1;HLA-DPB1;HLA-DOA;CD86;HLA-DMB;HLA-DRA;HLA-E;HLA-DMA;HLA-B;HLA-C;HLA-F;HLA-A;HLA-G;IL10;HLA-DOB;HLA-DQA2;CD80;CD40
prerank,Cytokine-cytokine receptor interaction,0.6297203690841436,2.250838319752758,1.000000e-03,1.000000e-03,1.000000e-03,124/236,17.30%,PPBP;PF4V1;PF4;CXCL5;CCL13;CCL5;OSM;CXCR1;IL18RAP;CCL23;CXCR2;TNFRSF10C;TNFRSF11B;CRLF2;CSF3R;IL1R2;TNFRSF1B;CXCL8;CCL8;CCL4L2;CCL3L3;CCL3;CCL18;TNFSF8;CXCL3;CCL15;CXCL9;CXCR4;CCL4;IL2RG;CCR5;CXCL13;CSF2RB;IL1RL1;CCR1;FASLG;CCL7;CSF2RA;CCL14;CD40LG;CCL11;IL10RA;CSF1R;LIF;IFNG;CD4;IL2RB;CXCL12;IL12RB1;CCL26;CXCL16;IL2RA;BMP6;IL1B;CCL2;IL21R;CCL19;TNF;TNFSF13B;TGFB1;LEP;TNFRSF8;CCL24;CCR4;CXCL10;GDF6;CXCR3;LTB;TNFSF12;MPL;RELT;IL17RA;IL16;CCR7;IL7R;CD27;IL3RA;IL33;BMP2;CCR2;IL10;CXCL2;IL6R;LEPR;EBI3;TNFSF13;EPOR;IL18R1;CSF1;IL6;IL5RA;ACVRL1;LTA;GH2;CCL21;IFNGR1;XCR1;TSLP;TNFRSF14;IFNGR2;TNFRSF9;IL12B;CXCL11;CD40;IL19;TGFBR2;TNFRSF17;IL4R;TNFSF14;TNFSF4;TNFRSF13B;TNFRSF4;TNFRSF10D;IFNK;CCR6;INHBA;CXCR6;IL32;TNFRSF13C;CXCL1;IL1RN;IL1RAP;IL15;CCL22
prerank,Chemokine signaling pathway,0.6480339142776949,2.2461738966510354,1.000000e-03,1.000000e-03,1.000000e-03,100/177,20.57%,PPBP;PF4V1;PF4;CXCL5;CCL13;CCL5;CXCR1;CCL23;CXCR2;FGR;NCF1;CXCL8;CCL8;CCL4L2;CCL3L3;CCL3;GNG11;CCL18;PRKCB;CXCL3;CCL15;CXCL9;RAC2;CXCR4;CCL4;CCR5;CXCL13;WAS;PREX1;CCR1;ARRB2;CCL7;CCL14;ITK;CCL11;HCK;CXCL12;PIK3R5;CCL26;DOCK2;RASGRP2;CXCL16;PIK3R6;CCL2;CCL19;PIK3CG;PIK3CD;JAK3;CCL24;CCR4;CXCL10;CXCR3;GNAI2;NFKBIA;GNG2;GNGT2;CCR7;PLCB2;CCR2;ELMO1;CXCL2;VAV1;PTK2B;PRKCD;RAP1B;GNG7;CCL21;LYN;GRB2;VAV3;ARRB1;XCR1;GRK6;ADCY7;CXCL11;STAT5B;MAPK1;AKT2;CCR6;CRKL;CXCR6;CXCL1;RAP1A;RHOA;PLCG2;CCL22;PIK3R1;FOXO3;IKBKG;CX3CL1;GRK3;GRK2;PRKACB;PXN;MAPK3;AKT3;GRK5;GNAQ;CXCL14;GNG10
prerank,Rheumatoid arthritis,0.6943845300952838,2.2433913128406417,1.000000e-03,1.000000e-03,1.000000e-03,55/85,17.32%,CXCL5;CCL5;HLA-DQA1;HLA-DQB1;ITGB2;CXCL8;CCL3L3;CCL3;CD28;CXCL3;HLA-DRB1;ITGAL;HLA-DRB5;HLA-DPA1;IFNG;ACP5;CXCL12;TLR2;HLA-DPB1;HLA-DOA;CD86;HLA-DMB;TLR4;HLA-DRA;IL1B;CCL2;HLA-DMA;TNF;TNFSF13B;TGFB1;FOS;LTB;ATP6V0D2;CTSL;CXCL2;TCIRG1;TNFSF13;CSF1;IL6;HLA-DOB;ATP6V1B2;CTSK;HLA-DQA2;CD80;FLT1;ICAM1;MMP3;CTLA4;ATP6AP1;TEK;CXCL1;ATP6V1F;IL15;ATP6V0D1;ATP6V0C
prerank,Inflammatory bowel disease,0.748043338668331,2.241283140137245,1.000000e-03,1.000000e-03,1.000000e-03,35/55,14.17%,IL18RAP;HLA-DQA1;HLA-DQB1;IL2RG;NOD2;HLA-DRB1;HLA-DRB5;HLA-DPA1;IFNG;TBX21;TLR2;IL12RB1;HLA-DPB1;HLA-DOA;STAT4;HLA-DMB;TLR4;HLA-DRA;IL1B;MAF;IL21R;HLA-DMA;TNF;TGFB1;IL10;IL18R1;IL6;HLA-DOB;NFATC1;IFNGR1;HLA-DQA2;IFNGR2;IL12B;FOXP3;IL4R
prerank,Type I diabetes mellitus,0.7862347331492809,2.2330372692533236,1.000000e-03,1.000000e-03,1.000000e-03,29/38,12.61%,HLA-DQA1;HLA-DQB1;PRF1;GZMB;CD28;FASLG;HLA-DRB1;HLA-DRB5;HLA-DPA1;IFNG;HLA-DPB1;HLA-DOA;CD86;HLA-DMB;HLA-DRA;IL1B;HLA-E;HLA-DMA;TNF;HLA-B;HLA-C;HLA-F;HLA-A;HLA-G;HLA-DOB;LTA;HLA-DQA2;IL12B;CD80
prerank,Phagosome,0.6524075721018532,2.231581444635631,1.000000e-03,1.000000e-03,1.000000e-03,58/143,12.18%,MPO;TUBB1;FCAR;MARCO;ITGB3;CD209;MRC1;HLA-DQA1;HLA-DQB1;FCGR2B;FCGR3B;FCGR2C;FCGR3A;ITGAM;ITGB2;NCF1;COLEC12;NCF2;CD14;FCGR2A;TUBA8;NCF4;THBS1;CTSS;HLA-DRB1;HLA-DRB5;HLA-DPA1;MSR1;TLR2;HLA-DPB1;HLA-DOA;HLA-DMB;TLR4;HLA-DRA;CORO1A;HLA-E;CYBB;HLA-DMA;CLEC7A;HLA-B;FCGR1A;OLR1;TUBB4A;HLA-C;COMP;HLA-F;CYBA;ATP6V0D2;HLA-A;ITGA5;HLA-G;CTSL;TCIRG1;HLA-DOB;THBS2;ATP6V1B2;CD36;HLA-DQA2
prerank,Intestinal immune network for IgA production,0.7881776613802088,2.2217240653130217,1.000000e-03,1.000000e-03,1.000000e-03,30/37,14.42%,HLA-DQA1;HLA-DQB1;CD28;CXCR4;CD40LG;HLA-DRB1;HLA-DRB5;HLA-DPA1;CXCL12;HLA-DPB1;HLA-DOA;CD86;HLA-DMB;HLA-DRA;HLA-DMA;TNFSF13B;TGFB1;ITGB7;ITGA4;ICOSLG;IL10;TNFSF13;ICOS;IL6;HLA-DOB;HLA-DQA2;CD80;CD40;TNFRSF17;TNFRSF13B
prerank,Asthma,0.8545579183605605,2.2164543435795765,1.000000e-03,1.000000e-03,1.000000e-03,22/23,13.09%,RNASE3;PRG2;HLA-DQA1;HLA-DQB1;CD40LG;CCL11;HLA-DRB1;FCER1G;HLA-DRB5;HLA-DPA1;HLA-DPB1;EPX;HLA-DOA;HLA-DMB;HLA-DRA;HLA-DMA;TNF;IL10;MS4A2;HLA-DOB;HLA-DQA2;CD40
prerank,B cell receptor signaling pathway,0.6912207406374158,2.207025186510412,1.000000e-03,1.000000e-03,1.000000e-03,47/78,20.25%,FCGR2B;LILRA5;LILRA6;LILRB3;LILRB5;LILRB2;PRKCB;RAC2;CD79A;LILRA4;PIK3AP1;BTK;CD72;NFATC2;LILRA1;PIK3CD;FOS;LILRB4;INPP5D;CD79B;LILRA2;NFKBIA;LILRB1;PTPN6;NFKBIE;DAPP1;VAV1;NFATC1;CARD11;CR2;LYN;GRB2;VAV3;SYK;IFITM1;CD81;CD19;MAPK1;AKT2;RASGRP3;PLCG2;PIK3R1;IKBKG;JUN;BLNK;MAPK3;AKT3
prerank,Th17 cell differentiation,0.6719883310555479,2.2034011517085306,1.000000e-03,1.000000e-03,1.000000e-03,60/97,21.35%,HLA-DQA1;HLA-DQB1;CD247;CD3G;IL2RG;CD3E;CD3D;HLA-DRB1;HLA-DRB5;HLA-DPA1;IFNG;IRF4;CD4;TBX21;IL2RB;ZAP70;IL12RB1;HLA-DPB1;HLA-DOA;IL2RA;HLA-DMB;HLA-DRA;IL1B;NFATC2;IL21R;HLA-DMA;TGFB1;LCK;JAK3;FOS;NFKBIA;NFKBIE;LAT;STAT5A;IL6R;IL6;HLA-DOB;NFATC1;IFNGR1;HLA-DQA2;IFNGR2;FOXP3;TGFBR2;STAT5B;MAPK1;RARA;IL4R;JAK1;RUNX1;IL1RAP;IKBKG;TGFBR1;JUN;IL6ST;IL1R1;TYK2;MAPK3;GATA3;JAK2;RXRA
prerank,NOD-like receptor signaling pathway,0.6342837682404994,2.2002362678981884,1.000000e-03,1.000000e-03,1.000000e-03,67/155,20.01%,DEFA3;DEFA1;DEFA1B;DEFA4;CCL5;CAMP;MEFV;NLRP3;CXCL8;NLRP12;CXCL3;GBP5;NOD2;TLR4;IL1B;CTSB;CARD16;CCL2;CYBB;P2RX7;NLRC4;PSTPIP1;TNF;DEFB4A;TRPM2;CYBA;GBP4;NFKBIA;CASP1;GBP1;NLRP1;PLCB2;TXNIP;RIPK3;TRPV2;CXCL2;GBP2;PRKCD;CASP5;IL6;MYD88;CARD8;GABARAPL1;IRF7;GABARAP;ANTXR2;MAPK1;NLRP6;JAK1;NAMPT;CASP4;STING1;PYCARD;CXCL1;TNFAIP3;RHOA;IKBKG;CARD6;GABARAPL2;ITPR2;ITPR1;JUN;IRF9;IFNAR2;TYK2;MAPK3;NAIP
prerank,DNA replication,-0.6612762236666877,-2.1900804081306924,1.000000e-03,2.428560e-03,2.000000e-03,23/36,22.68%,MCM4;RFC3;POLD2;FEN1;MCM7;POLE;SSBP1;DNA2;RFC5;RPA3;RFC4;RNASEH2A;POLA2;POLE4;POLA1;RNASEH1;RFC2;POLE3;MCM3;POLE2;PRIM1;PRIM2;POLD1
prerank,Tuberculosis,0.6194953076428307,2.175531260767139,1.000000e-03,1.000000e-03,1.000000e-03,69/162,17.32%,CD209;MRC1;HLA-DQA1;CAMP;HLA-DQB1;FCGR2B;CR1;FCGR3B;FCGR2C;CR1L;ITGAX;FCGR3A;ITGAM;ITGB2;CD14;FCGR2A;CTSS;NOD2;CLEC4E;IL10RA;HLA-DRB1;FCER1G;HLA-DRB5;HLA-DPA1;IFNG;TLR2;LSP1;CEBPB;HLA-DPB1;HLA-DOA;HLA-DMB;TLR4;HLA-DRA;IL1B;CORO1A;CD74;HLA-DMA;CLEC7A;TNF;TGFB1;FCGR1A;PLK3;TLR1;ATP6V0D2;CIITA;CTSD;IL10;TCIRG1;IL6;IRAK2;TLR9;MYD88;HLA-DOB;IFNGR1;HLA-DQA2;IFNGR2;SYK;IL12B;VDR;TLR6;MAPK1;AKT2;JAK1;ATP6AP1;CASP10;NOS2;RHOA;ATP6V0D1;ATP6V0C
prerank,Neutrophil extracellular trap formation,0.6232610566139094,2.1754045938399273,1.000000e-03,1.000000e-03,1.000000e-03,83/177,22.03%,MPO;ELANE;AZU1;ITGA2B;PADI4;CTSG;ITGB3;CAMP;CR1;FCGR3B;FPR2;CR1L;FCGR3A;FPR1;ITGAM;ITGB2;NCF1;NCF2;FCGR2A;AQP9;PRKCB;C5AR1;RAC2;SELPLG;NCF4;SELP;TLR8;SIGLEC9;ITGAL;TLR2;H4C6;GP1BA;TLR4;TLR7;CYBB;FPR3;CLEC7A;FCGR1A;PIK3CD;CYBA;CASP1;PLCB2;H3C10;H2BC6;H3C3;H4C9;H2BC14;H2AC6;SYK;ACTB;MAPK1;AKT2;VWF;CASP4;PPIF;H2AC16;H3C4;H2BC3;H2BC13;H3C11;PLCG2;ATG7;H3-3A;PIK3R1;H2BC9;H2BC7;H2BC11;H2BC10;C3;H3-3B;H2BC21;H3C8;MAPK3;H2BC12;AKT3;H4C1;H2AC7;H2BC5;H2AC14;PRKCG;H3C12;H2BC4;H3C7
prerank,Ribosome,-0.5140541682708266,-2.1720761124211982,1.000000e-03,1.214280e-03,2.000000e-03,89/136,37.95%,RNA5-8SN1;RPL22L1;MRPL13;RNA5-8SN3;RNA5-8SN5;MRPL15;MRPL36;RPL26L1;MRPS17;MRPL19;RPS21;RPS5;RPS29;MRPL14;RPS17;RPLP0;MRPL9;RPL12;RPS7;RPS4Y1;RPLP1;MRPS9;MRPL12;RPS19;RPS10;RPL35;RNA5-8SN2;MRPL35;RPS10-NUDT3;RPL30;RPS3;RNA5-8SN4;MRPL32;RPL27;RPL38;MRPS11;MRPL30;RPS27A;RPS18;RPL8;RPL36;RPL24;MRPS5;RPL4;RPS2;RPL31;RPL28;MRPL21;RPL37A;RPL13A;RPL5;RPL6;RPL35A;MRPL11;RPS8;MRPS15;RPL7A;RPL18A;RPS3A;RPL36A;MRPS10;RPS20;RPS15A;MRPL3;RSL24D1;RPL17;RPL23;RPSA;RPL17-C18orf32;MRPS7;MRPL24;RPL36A-HNRNPH2;MRPS16;RPS12;RPL7;RPL26;MRPL33;RPS24;MRPS14;RPL18;RPL10A;RPL39;MRPL18;MRPS21;RPS15;MRPS2;RPL13;RPS25;MRPL22
prerank,Viral myocarditis,0.7020334526938888,2.1647861992353805,1.000000e-03,1.000000e-03,1.000000e-03,31/57,13.19%,HLA-DQA1;MYH7;HLA-DQB1;PRF1;ITGB2;CD28;RAC2;CD40LG;HLA-DRB1;ITGAL;HLA-DRB5;HLA-DPA1;HLA-DPB1;HLA-DOA;CD86;HLA-DMB;HLA-DRA;HLA-E;HLA-DMA;HLA-B;HLA-C;HLA-F;FYN;HLA-A;HLA-G;HLA-DOB;HLA-DQA2;CD80;ICAM1;CD40;ACTB
prerank,Primary immunodeficiency,0.7597252582278374,2.155110868205291,1.000000e-03,1.000000e-03,1.000000e-03,27/35,20.06%,CD8A;CD79A;IL2RG;PTPRC;CD8B;CD3E;CD40LG;CD3D;BTK;CD4;ZAP70;AIRE;RAG2;IGLL1;LCK;JAK3;CIITA;IL7R;ICOS;CD40;CD19;TNFRSF13B;ORAI1;TNFRSF13C;IKBKG;BLNK;TAP1
prerank,Systemic lupus erythematosus,0.6409064804331699,2.152706121482411,1.000000e-03,1.000000e-03,1.000000e-03,68/122,22.03%,ELANE;CTSG;HLA-DQA1;HLA-DQB1;FCGR3B;FCGR3A;C1QA;FCGR2A;C1QC;CD28;C1QB;C2;CD40LG;HLA-DRB1;HLA-DRB5;HLA-DPA1;IFNG;HLA-DPB1;HLA-DOA;H4C6;CD86;HLA-DMB;HLA-DRA;HLA-DMA;TNF;FCGR1A;C4A;C4B;C8G;H3C10;H2BC6;IL10;HLA-DOB;H3C3;H4C9;H2BC14;H2AC6;HLA-DQA2;CD80;CD40;C8A;GRIN2A;TRIM21;H2AC16;H3C4;ACTN1;H2BC3;H2BC13;H3C11;H3-3A;H2BC9;H2BC7;H2BC11;H2BC10;C6;C3;H3-3B;H2BC21;H3C8;C1S;H2BC12;H4C1;H2AC7;H2BC5;H2AC14;H3C12;H2BC4;H3C7
prerank,NF-kappa B signaling pathway,0.645469241554648,2.1334605436845018,1.000000e-03,1.000000e-03,1.000000e-03,50/101,20.68%,CCL13;BCL2A1;CXCL8;CD14;CCL4L2;PRKCB;CXCL3;CCL4;CD40LG;GADD45B;BTK;VCAM1;ZAP70;CXCL12;TLR4;IL1B;CCL19;TNF;TNFSF13B;LCK;LTB;PTGS2;NFKBIA;LY96;LAT;RELB;CXCL2;MYD88;CARD11;LTA;CCL21;LYN;SYK;NFKB2;ICAM1;CD40;TRAF1;TNFSF14;TNFRSF13C;CXCL1;CYLD;TNFAIP3;GADD45G;PLCG2;IKBKG;BLNK;IL1R1;PLAU;CFLAR;TNFRSF1A
prerank,Toll-like receptor signaling pathway,0.6612309698655714,2.1194150075048523,1.000000e-03,1.000000e-03,1.000000e-03,37/88,14.22%,CCL5;CXCL8;CD14;CCL4L2;CCL3L3;CCL3;SPP1;CXCL9;CCL4;TLR8;TLR2;CD86;TLR4;TLR7;IL1B;TNF;PIK3CD;FOS;CXCL10;MAP3K8;TLR1;NFKBIA;LY96;MAP2K3;IL6;TLR9;MYD88;IRF5;CTSK;IL12B;CD80;CXCL11;IRF7;CD40;TLR6;MAPK1;AKT2
prerank,T cell receptor signaling pathway,0.6176730096381956,2.047010285032837,1.000000e-03,1.000000e-03,1.000000e-03,44/98,18.56%,GRAP2;CD247;CD28;CD8A;LCP2;CD3G;PTPRC;CD8B;CD3E;ITK;CD40LG;CD3D;IFNG;CD4;ZAP70;PDCD1;NFATC2;TNF;LCK;PIK3CD;FOS;MAP3K8;NFKBIA;FYN;PTPN6;NFKBIE;LAT;IL10;VAV1;ICOS;NFATC1;CARD11;GRB2;VAV3;RASGRP1;CBLB;MAPK1;AKT2;PAK3;CTLA4;RHOA;PIK3R1;IKBKG;JUN
prerank,African trypanosomiasis,0.7334530070412878,2.0303438543388905,1.000000e-03,1.000000e-03,1.000000e-03,19/34,12.95%,HBB;HBA1;HBA2;PRKCB;FASLG;IFNG;VCAM1;IL1B;TNF;HPR;PLCB2;IL10;SELE;IL6;TLR9;MYD88;IDO1;IL12B;ICAM1
prerank,Cell adhesion molecules,0.5901632198478968,2.024432442049689,1.000000e-03,1.000000e-03,1.000000e-03,60/137,13.09%,CD226;HLA-DQA1;HLA-DQB1;SELL;ITGAM;ITGB2;CD28;CD8A;SELPLG;PTPRC;SELP;CD8B;CD40LG;CD2;HLA-DRB1;ICAM3;ITGAL;HLA-DRB5;HLA-DPA1;CD4;PDCD1LG2;VCAM1;HLA-DPB1;HLA-DOA;SPN;CD86;VSIR;HLA-DMB;PDCD1;HLA-DRA;VCAN;HLA-E;CD6;SIGLEC1;JAM3;HLA-DMA;HLA-B;ITGB7;ITGA4;SDC3;HLA-C;HLA-F;CLDN10;ICOSLG;HLA-A;NLGN4X;HLA-G;ICAM2;SELE;ICOS;NCAM2;HLA-DOB;PECAM1;HLA-DQA2;JAM2;CADM3;CD80;CLDN11;ICAM1;CD40
prerank,Chagas disease,0.6118732672377637,2.0204557399130842,1.000000e-03,1.000000e-03,1.000000e-03,50/99,20.68%,CCL5;C1QA;CXCL8;CD247;CCL3L3;CCL3;C1QC;C1QB;CD3G;FASLG;CD3E;CD3D;IFNG;TLR2;SERPINE1;TLR4;IL1B;CCL2;TNF;TGFB1;PIK3CD;FOS;ACE;GNAI2;NFKBIA;PLCB2;IL10;IL6;TLR9;MYD88;GNAO1;IFNGR1;IFNGR2;IL12B;TGFBR2;TLR6;MAPK1;AKT2;GNA15;NOS2;PIK3R1;IKBKG;TGFBR1;JUN;C3;MAPK3;CFLAR;AKT3;GNAQ;TNFRSF1A
prerank,PD-L1 expression and PD-1 checkpoint pathway in cancer,0.6149245809107283,2.0054439758222453,1.000000e-03,1.000000e-03,3.000000e-03,42/88,21.20%,CD247;CD28;CD3G;CD3E;CD3D;IFNG;CD4;ZAP70;TLR2;TLR4;PDCD1;NFATC2;LCK;PIK3CD;FOS;NFKBIA;PTPN6;NFKBIE;LAT;MAP2K3;TLR9;MYD88;NFATC1;IFNGR1;IFNGR2;RASGRP1;BATF2;MAP3K3;MAPK1;AKT2;JAK1;CD274;BATF;PIK3R1;IKBKG;BATF3;JUN;PTEN;MAPK3;AKT3;JAK2;EGF
prerank,Complement and coagulation cascades,0.6206472385737674,1.984969305671497,1.000000e-03,1.000000e-03,3.000000e-03,37/80,15.78%,F13A1;CR1;CR1L;ITGAX;ITGAM;ITGB2;C1QA;C1QC;C5AR1;C1QB;VSIG4;SERPINB2;C3AR1;PLAUR;C2;C4BPB;THBD;CFD;SERPINE1;SERPINA5;C4A;C4B;C8G;CLU;MASP1;SERPING1;CR2;C8A;F2RL2;CD59;F2R;CFHR1;VTN;PROS1;VWF;CFB;CFH
prerank,Yersinia infection,0.5730503006697402,1.9587381209173549,1.000000e-03,1.000000e-03,3.000000e-03,59/133,20.42%,MEFV;NLRP3;CXCL8;FCGR2A;CD8A;RAC2;LCP2;WAS;CD8B;CD4;ZAP70;TLR4;IL1B;WIPF1;CCL2;NFATC2;NLRC4;TNF;LCK;ITGA4;PIK3CD;FOS;RHOG;NFKBIA;FYB1;CASP1;ITGA5;LAT;ELMO1;IL10;VAV1;FN1;PTK2B;MAP2K3;IL6;MYD88;NFATC1;VAV3;WIPF3;RPS6KA1;ACTB;ARHGEF1;MAPK1;AKT2;CRKL;PYCARD;RHOA;PIK3R1;IKBKG;PIP5K1C;JUN;ARPC5;SKAP2;PXN;GIT2;MAPK3;ARPC4;AKT3;GNAQ
prerank,Legionellosis,0.6328435798579863,1.9294051856172176,1.000000e-03,1.000000e-03,5.000000e-03,26/57,16.78%,CR1;CR1L;ITGAM;ITGB2;CXCL8;CD14;CXCL3;TLR2;TLR4;IL1B;HSPA6;NLRC4;TNF;NFKBIA;CASP1;CXCL2;IL6;MYD88;IL12B;HSPA1B;NFKB2;HSPA1A;PYCARD;CLK1;CXCL1;TLR5
prerank,Transcriptional misregulation in cancer,0.5482295473617191,1.9285460472219587,1.000000e-03,1.000000e-03,5.000000e-03,60/182,17.29%,DEFA3;DEFA1;DEFA1B;MPO;ELANE;DEFA4;PTCRA;IL1R2;ITGAM;BCL2A1;CXCL8;CD14;GZMB;CEBPE;SPI1;GADD45B;CSF1R;IL2RB;CEBPB;FLI1;CD86;MAF;MMP9;ITGB7;FCGR1A;NR4A3;LYL1;FLT3;BMP2K;HHEX;H3C10;MAX;TSPAN7;NUPR1;IL6;H3C3;NTRK1;ID2;PPARG;FLT1;CCND2;CD40;TGFBR2;MMP3;LMO2;TFE3;RARA;TRAF1;MITF;CDKN1A;CEBPA;H3C4;MEF2C;RUNX1;GADD45G;H3C11;ZEB1;BCL6;FOXO1;H3-3A
prerank,TNF signaling pathway,0.5746864636925426,1.9136454015344833,1.000000e-03,1.000000e-03,9.000000e-03,51/111,20.68%,CXCL5;CCL5;TNFRSF1B;CXCL3;NOD2;LIF;VCAM1;CEBPB;IL1B;CCL2;MMP9;TNF;PIK3CD;FOS;CREB5;CXCL10;MAP3K8;SOCS3;PTGS2;NFKBIA;IRF1;RIPK3;CXCL2;SELE;IL18R1;VEGFC;CSF1;MAP2K3;IL6;LTA;MLKL;JUNB;ICAM1;BCL3;MMP3;MAPK1;AKT2;TRAF1;CXCL1;CASP10;TNFAIP3;IL15;CREB3L3;PIK3R1;IKBKG;CX3CL1;JUN;MAPK3;CFLAR;AKT3;TNFRSF1A
prerank,Measles,0.5601085149692259,1.8952945806334156,1.000000e-03,1.000000e-03,1.700000e-02,55/122,24.02%,CD209;FCGR2B;CD28;CD3G;IL2RG;FASLG;CD3E;CD3D;IL2RB;TLR2;IL2RA;TLR4;TLR7;SLAMF1;IL1B;HSPA6;PIK3CD;JAK3;FOS;NFKBIA;STAT5A;IL6;TLR9;CCND3;MYD88;IL12B;HSPA1B;IRF7;HSPA1A;CCND2;CBLB;STAT5B;AKT2;JAK1;TNFAIP3;TP73;PIK3R1;IKBKG;JUN;MSN;IRF9;IFNAR2;BBC3;TYK2;AKT3;CASP8;TAB2;HSPA1L;MX2;CDKN1B;PIK3CB;IKBKE;TRADD;RCHY1;FAS
prerank,Mismatch repair,-0.6183975460700054,-1.88986836303555,2.890173e-03,1.578564e-02,3.300000e-02,11/23,17.03%,EXO1;RFC3;POLD2;MSH2;MSH6;SSBP1;RFC5;RPA3;RFC4;PMS2;RFC2
prerank,Influenza A,0.5494398720858957,1.8893334701148727,1.000000e-03,1.000000e-03,1.700000e-02,84/153,27.74%,CCL5;HLA-DQA1;HLA-DQB1;NLRP3;CXCL8;PRKCB;TPSAB1;TPSB2;FASLG;HLA-DRB1;HLA-DRB5;HLA-DPA1;IFNG;HLA-DPB1;HLA-DOA;HLA-DMB;TLR4;TLR7;HLA-DRA;IL1B;CCL2;HLA-DMA;TNF;PIK3CD;TPSD1;CXCL10;SOCS3;CIITA;NFKBIA;NXF3;CASP1;IL33;IL6;CCND3;MYD88;HLA-DOB;IFNGR1;HLA-DQA2;IFNGR2;IL12B;IRF7;ICAM1;ACTB;NXF2B;NXF2;MAPK1;AKT2;JAK1;PYCARD;PIK3R1;IKBKG;IRF9;IFNAR2;TYK2;MAPK3;AKT3;TNFRSF1A;JAK2;NXF1;CASP8;NXF5;MX2;PIK3CB;IKBKE;RAF1;TRIM25;TRADD;PRSS1;FAS;PLG;IFNAR1;STAT1;MAP2K2;ACTG1;BAK1;NUP98;IL12A;TNFRSF10B;RAB11B;NFKBIB;MAP2K1;NFKB1;CASP9;CALCOCO2
prerank,Taste transduction,-0.49559619934212273,-1.881368250271145,1.000000e-03,1.214280e-02,3.400000e-02,36/65,18.74%,HTR1A;HTR1D;HTR3A;GRM4;SCNN1A;GABRA3;TAS2R38;GNAT3;ENTPD2;PDE1C;TAS2R19;PLCB1;TAS2R43;CHRM3;TAS2R5;TAS2R31;SCN3A;GABBR2;TAS1R1;ADCY8;TAS2R30;ITPR3;SCN9A;TAS2R13;KCNK5;HTR1B;TAS2R46;TAS2R20;SCNN1G;TAS2R3;P2RX2;TAS2R4;TAS2R50;PLCB4;TAS2R10;TAS2R14
prerank,Epstein-Barr virus infection,0.5345609096273636,1.878519790762092,1.000000e-03,1.000000e-03,2.200000e-02,69/182,20.40%,HLA-DQA1;HLA-DQB1;CD247;CD3G;CD3E;CD3D;GADD45B;HLA-DRB1;ITGAL;BTK;HLA-DRB5;HLA-DPA1;TLR2;HLA-DPB1;HLA-DOA;HLA-DMB;HLA-DRA;HLA-E;HLA-DMA;TNF;HLA-B;PIK3CD;JAK3;HLA-C;CXCL10;HLA-F;RUNX3;NFKBIA;VIM;B2M;HLA-A;HLA-G;NFKBIE;RELB;MAP2K3;IL6;CCND3;MYD88;HLA-DOB;CR2;LYN;HLA-DQA2;SYK;ENTPD1;NFKB2;IRF7;ICAM1;CCND2;CD40;RBPJ;CD19;AKT2;JAK1;CDKN1A;FCER2;TNFAIP3;GADD45G;PLCG2;PIK3R1;IKBKG;JUN;IRF9;BCL2L11;IFNAR2;BLNK;TYK2;TAP1;AKT3;SAP30
prerank,C-type lectin receptor signaling pathway,0.5608086949133482,1.8736315860797053,1.000000e-03,1.000000e-03,2.500000e-02,48/100,20.43%,CLEC1B;CD209;NLRP3;CLEC4D;CLEC4E;FCER1G;EGR3;LSP1;EGR2;IL1B;NFATC2;CLEC7A;TNF;PIK3CD;PTGS2;PLK3;NFKBIA;CASP1;IRF1;RELB;IL10;PRKCD;IL6;CLEC6A;NFATC1;SYK;IL12B;NFKB2;CBLB;BCL3;MRAS;MAPK1;AKT2;PYCARD;CYLD;RHOA;PLCG2;CCL22;PIK3R1;CALM3;IKBKG;ITPR2;ITPR1;JUN;IRF9;MAPK3;AKT3;MAPKAPK2
prerank,Homologous recombination,-0.545776480431164,-1.8635888705601242,6.711409e-03,1.214280e-02,4.400000e-02,22/41,27.59%,RAD54B;XRCC2;SEM1;EME1;BRIP1;POLD2;RBBP8;RAD51;BRCA1;SSBP1;RPA3;RAD54L;BLM;PALB2;BRCA2;XRCC3;RAD50;POLD1;MRE11;RAD51D;RAD51B;RAD52
prerank,Toxoplasmosis,0.5598947423795811,1.8635414637945755,1.000000e-03,1.000000e-03,2.800000e-02,56/109,22.36%,HLA-DQA1;HLA-DQB1;CCR5;ALOX5;CD40LG;IL10RA;HLA-DRB1;HLA-DRB5;HLA-DPA1;IFNG;TLR2;HLA-DPB1;PIK3R5;HLA-DOA;HLA-DMB;TLR4;PIK3R6;HLA-DRA;HSPA6;HLA-DMA;TNF;TGFB1;PIK3CG;GNAI2;CIITA;NFKBIA;LY96;IL10;MAP2K3;MYD88;HLA-DOB;GNAO1;IFNGR1;HLA-DQA2;IFNGR2;IL12B;HSPA1B;HSPA1A;CD40;SOCS1;MAPK1;AKT2;JAK1;PPIF;NOS2;BIRC7;IKBKG;TYK2;MAPK3;AKT3;TNFRSF1A;JAK2;CASP8;TAB2;HSPA1L;IL10RB
prerank,Fanconi anemia pathway,-0.5131449957204779,-1.8584546303880287,1.000000e-03,1.113090e-02,4.800000e-02,26/54,25.03%,FANCI;CENPX;UBE2T;EME1;BRIP1;RAD51;RMI2;BRCA1;FANCC;FANCA;RPA3;FANCM;BLM;FANCL;PMS2;RMI1;PALB2;BRCA2;FANCB;USP1;TELO2;HES1;FANCD2;ATR;FAN1;REV1
prerank,JAK-STAT signaling pathway,0.5423045599955287,1.8497800790917929,1.000000e-03,1.000000e-03,3.500000e-02,67/130,23.57%,OSM;CRLF2;CSF3R;IL2RG;CSF2RB;CSF2RA;IL10RA;LIF;IFNG;IL2RB;IL12RB1;STAT4;IL2RA;IL21R;LEP;PIK3CD;JAK3;SOCS3;MPL;AOX1;CISH;IL7R;PTPN6;IL3RA;STAT5A;PIM1;IL10;IL6R;LEPR;EPOR;IL6;IL5RA;CCND3;FHL1;GH2;GRB2;IFNGR1;TSLP;IFNGR2;MCL1;IL12B;CCND2;IL19;STAT5B;SOCS1;IL4R;AKT2;JAK1;IFNK;CDKN1A;IL15;PIK3R1;IL9R;IL6ST;IRF9;IFNAR2;TYK2;AKT3;JAK2;EGF;PDGFRA;IL10RB;CTF1;PIK3CB;IL15RA;STAT6;RAF1
prerank,Lipid and atherosclerosis,0.5146345353869833,1.8423982100783214,1.000000e-03,1.000000e-03,4.100000e-02,71/196,18.56%,CCL5;NLRP3;APOA4;NCF1;CXCL8;NCF2;CD14;CCL3L3;CCL3;CXCL3;NCF4;SELP;FASLG;CD40LG;VCAM1;TLR2;TLR4;IL1B;HSPA6;CCL2;CYBB;NFATC2;MMP9;TNF;PIK3CD;FOS;OLR1;POU2F2;CYBA;NFKBIA;LY96;CASP1;PLCB2;CXCL2;VAV1;SELE;RAP1B;ABCA1;MAP2K3;IL6;MYD88;NFATC1;CYP2B6;LYN;VAV3;CD36;IL12B;HSPA1B;SOD2;IRF7;PPARG;ICAM1;HSPA1A;CD40;ARHGEF1;MMP3;TLR6;MAPK1;AKT2;ERN1;XBP1;ABCG1;PYCARD;CXCL1;RAP1A;RHOA;PIK3R1;CALM3;IKBKG;ITPR1;JUN
prerank,Ferroptosis,0.63091464206802,1.8246115649424854,1.000000e-03,1.201399e-03,5.600000e-02,16/40,13.92%,MAP1LC3C;ACSL6;HMOX1;CYBB;ALOX15;ACSL1;MAP1LC3B;MAP1LC3B2;FTL;SLC40A1;ACSL4;SAT1;GCLM;FTH1;NCOA4;PRNP
prerank,Lysosome,0.5351544331479415,1.8023776356115044,1.000000e-03,1.678502e-03,7.800000e-02,76/123,26.06%,CTSG;SLC11A1;CTSW;CTSS;CD68;LAPTM5;ACP5;CTSB;LIPA;FUCA1;TPP1;CTSE;MCOLN1;CTSZ;AP1S2;MAN2B1;PLA2G15;ATP6V0D2;ASAH1;CTSA;CTSD;LGMN;CTSL;TCIRG1;LITAF;GNS;DNASE2;GM2A;ARSB;GLA;CTSK;NAGA;HEXB;GALC;PSAP;GAA;CTSC;ACP2;CTSH;ARSA;SMPD1;MANBA;ATP6AP1;AP1B1;CTSO;NPC2;ARSG;ATP6V0D1;ATP6V0C;GLB1;SLC17A5;NEU1;GALNS;HEXA;PPT1;SGSH;IDUA;GGA1;ABCA2;AP1M1;GGA2;LAMP2;CLN5;GNPTG;SUMF1;CD63;NPC1;NAGLU;LAMP1;ATP6V0A1;NAGPA;CTNS;ATP6V0A4;CTSF;AGA;GNPTAB
prerank,RNA transport,-0.40465672019897536,-1.7641121901352093,1.000000e-03,2.168357e-02,1.090000e-01,88/173,36.97%,RNVU1-18;RNU1-2;RNU1-4;RNU4-2;RNU4-1;EEF1A2;RNU1-1;RNVU1-7;RNU1-3;SNORD3B-1;SNORD3B-2;SNORD3A;POP1;MAGOHB;PABPC3;EIF3B;NUP210L;XPOT;RPP25;THOC3;SNORD3C;XPO1;STRAP;NDC1;NUP37;EIF3H;EIF2S2;NUP35;NUP107;PABPC1;POP7;NUP205;SUMO1;TGS1;UPF3A;RPP40;EIF3E;RAN;GEMIN6;XPO5;RANGAP1;RBM8A;GEMIN2;EIF5B;PABPC4L;PNN;POP5;NXT2;EIF3C;NUP160;PABPC1L;NCBP1;EIF4A2;EIF3CL;FXR1;NXT1;NUP42;FUS;NUP133;EIF2S1;PAIP1;NUP93;ELAC1;EIF4EBP1;EIF3J;NUP155;EIF2B5;NUP188;EIF2B1;RPP14;EIF4G1;GEMIN5;GEMIN7;SENP2;THOC7;NUP85;UPF3B;FMR1;SMN2;EIF2B2;SMN1;EIF4B;SEH1L;CLNS1A;RPP30;NUP88;SNUPN;RNPS1
prerank,Base excision repair,-0.5366743725598402,-1.7548430312145429,1.000000e-03,2.109811e-02,1.220000e-01,17/33,27.51%,PARP2;NTHL1;POLD2;FEN1;POLE;SMUG1;POLE4;POLB;UNG;NEIL3;POLE3;POLE2;POLD1;TDG;PCNA;PARP1;LIG3
prerank,Human T-cell leukemia virus 1 infection,0.49382174798874423,1.7525974485397273,1.000000e-03,3.592379e-03,1.630000e-01,79/212,20.25%,HLA-DQA1;HLA-DQB1;IL1R2;ITGB2;CD3G;IL2RG;CD3E;SPI1;CD3D;HLA-DRB1;ITGAL;HLA-DRB5;HLA-DPA1;CD4;IL2RB;HLA-DPB1;HLA-DOA;EGR2;IL2RA;HLA-DMB;HLA-DRA;HLA-E;NFATC2;HLA-DMA;TNF;HLA-B;TGFB1;LCK;PIK3CD;JAK3;FOS;ZFP36;CREB5;HLA-C;HLA-F;NFKBIA;B2M;HLA-A;EGR1;HLA-G;STAT5A;TLN1;RELB;IL6;CCND3;HLA-DOB;NFATC1;LTA;KAT2B;HLA-DQA2;ADCY7;NFKB2;ICAM1;CCND2;CD40;TGFBR2;STAT5B;MAP3K3;NRP1;MAPK1;ETS1;AKT2;JAK1;CDKN1A;TNFRSF13C;VAC14;ETS2;IL15;CREB3L3;PIK3R1;IKBKG;TGFBR1;JUN;PTEN;PRKACB;IL1R1;PTTG2;MAPK3;AKT3
prerank,Oocyte meiosis,-0.4149032874909089,-1.7467905460549755,1.000000e-03,2.050784e-02,1.350000e-01,47/124,25.15%,CALML5;ADCY1;CAMK2B;PLCZ1;CCNB2;CALML3;PKMYT1;MAD2L1;BUB1;PLK1;CCNE2;FBXO43;PTTG1;ESPL1;CAMK2A;SGO1;CDC20;CDK1;CCNB1;SPDYE3;ADCY8;IGF1R;SPDYA;ITPR3;RPS6KA6;MAPK12;CPEB1;ADCY2;CCNE1;AURKA;SPDYE15;ANAPC1;SPDYE6;ANAPC7;SPDYE18;YWHAQ;SPDYE11;ADCY5;SMC1B;ANAPC11;CDC25C;SPDYE5;PPP2R5E;SPDYE1;CAMK2D;SPDYE2B;SPDYE2
prerank,Acute myeloid leukemia,0.5557748023836072,1.7366462077687796,1.000000e-03,4.374621e-03,1.930000e-01,25/66,20.25%,MPO;ITGAM;BCL2A1;CD14;CEBPE;SPI1;CSF1R;PIM2;FCGR1A;PIK3CD;FLT3;STAT5A;PIM1;GRB2;STAT5B;MAPK1;RARA;AKT2;CEBPA;RUNX1;PIK3R1;IKBKG;MAPK3;PPARD;AKT3
prerank,Platelet activation,0.5104680353230239,1.727987418274428,1.000000e-03,4.854075e-03,2.150000e-01,58/123,20.42%,GP9;ITGA2B;GP1BB;ITGB3;P2RY12;P2RX1;FCGR2A;GP5;LCP2;FERMT3;PTGS1;FCER1G;BTK;TBXAS1;PIK3R5;RASGRP2;GP1BA;APBB1IP;PIK3R6;P2RY1;PIK3CG;PIK3CD;GP6;MYLK2;GNAI2;FYN;PRKG2;PLCB2;COL1A1;TLN1;VASP;RAP1B;GNA13;LYN;COL1A2;SYK;ADCY7;RASGRP1;ACTB;ARHGEF1;F2R;MAPK1;AKT2;TBXA2R;PLA2G4C;VWF;ORAI1;RAP1A;RHOA;PLCG2;PIK3R1;ITPR2;ITPR1;SNAP23;PRKACB;MAPK3;AKT3;GNAQ
prerank,Leukocyte transendothelial migration,0.5182008375451762,1.7147554099885067,1.000000e-03,5.511645e-03,2.420000e-01,46/105,18.58%,MYL2;ITGAM;ITGB2;NCF1;NCF2;PRKCB;RAC2;CXCR4;NCF4;ITK;ITGAL;VCAM1;CXCL12;CYBB;MMP9;JAM3;ITGA4;PIK3CD;MYL9;TXK;CYBA;CLDN10;GNAI2;VAV1;VASP;PTK2B;SIPA1;RAP1B;PECAM1;VAV3;JAM2;CLDN11;ICAM1;ACTB;THY1;RASSF5;RHOH;MMP2;ACTN1;VCL;RAP1A;RHOA;PLCG2;PIK3R1;CD99;MSN
prerank,Terpenoid backbone biosynthesis,-0.5841976383118528,-1.7104987661437856,1.400560e-02,2.938557e-02,2.060000e-01,15/22,32.87%,HMGCS2;MVK;FNTA;FDPS;ACAT2;PCYOX1;IDI2;HMGCR;HMGCS1;ICMT;RCE1;ACAT1;GGPS1;PDSS2;PMVK
prerank,Kaposi sarcoma-associated herpesvirus infection,0.4824053868250791,1.70341761509633,1.000000e-03,6.547514e-03,2.860000e-01,88/173,27.34%,CXCL8;GNG11;CXCL3;CCR5;PREX1;CCR1;HCK;PIK3R5;CD86;PIK3R6;HLA-E;NFATC2;HLA-B;PIK3CG;PIK3CD;FOS;ZFP36;CCR4;HLA-C;HLA-F;CD200R1;PTGS2;NFKBIA;GNG2;GNGT2;HLA-A;HLA-G;CXCL2;IL6;GNG7;NFATC1;LYN;IFNGR1;GABARAPL1;SYK;IRF7;ICAM1;MICB;GABARAP;MAPK1;AKT2;FGF2;JAK1;CDKN1A;UBB;CXCL1;PLCG2;PIK3R1;CALM3;IKBKG;UBC;GABARAPL2;ITPR2;ITPR1;JUN;IL6ST;IRF9;IFNAR2;C3;TYK2;MAPK3;MICA;AKT3;MAPKAPK2;GNG10;TNFRSF1A;JAK2;CASP8;PIK3CB;CCR8;IKBKE;RAF1;TRADD;FAS;TCF7;UBA52;PPP3CC;IFNAR1;STAT1;MAP2K2;RB1;BAK1;GNG5;RCAN1;GNB1;GNB5;MAP2K1;NFKB1
prerank,Hepatitis B,0.4890764338107272,1.6900582312415295,1.137656e-03,7.889484e-03,3.380000e-01,72/146,30.05%,CXCL8;PRKCB;FASLG;TLR2;EGR3;STAT4;EGR2;TLR4;NFATC2;MMP9;TNF;TGFB1;PIK3CD;JAK3;FOS;CREB5;NFKBIA;STAT5A;PTK2B;MAP2K3;IL6;MYD88;NFATC1;GRB2;IRF7;TGFBR2;STAT5B;MAPK1;AKT2;JAK1;CDKN1A;ATP6AP1;CASP10;CREB3L3;PIK3R1;IKBKG;TGFBR1;JUN;TYK2;MAPK3;AKT3;DDX3X;JAK2;CASP8;PRKCG;MAP3K1;TAB2;PIK3CB;IKBKE;STAT6;RAF1;FAS;IFNAR1;STAT1;MAP2K2;RB1;ELK1;TAB1;ARAF;MAP2K1;NFKB1;CASP9;CREB3L1;HSPG2;STAT3;MAPK14;TRAF3;CREB1;NFATC3;CASP3;TICAM1;ATF2
prerank,Ribosome biogenesis in eukaryotes,-0.42346241209064606,-1.6758547098770677,1.000000e-03,3.521412e-02,2.580000e-01,46/86,28.97%,RNA5-8SN1;SNORD3B-1;SNORD3B-2;SNORD3A;RNA5-8SN3;POP1;RNA5-8SN5;NOP58;MPHOSPH10;RPP25;GAR1;SNORD3C;XPO1;WDR43;NHP2;NAT10;POP7;WDR75;IMP4;RPP40;DKC1;NVL;RNA5-8SN2;RAN;REXO2;RNA5-8SN4;MDN1;RIOK1;POP5;NXT2;EIF6;BMS1;UTP14A;RBM28;HEATR1;EMG1;RMRP;REXO5;GNL3;GTPBP4;NXT1;WDR3;NOP56;TBL3;DROSHA;EFL1
prerank,Human cytomegalovirus infection,0.47064796536676734,1.6660196726104224,1.000000e-03,1.077039e-02,4.340000e-01,82/203,24.02%,CCL5;ITGB3;CXCR2;CXCL8;CCL4L2;CCL3L3;CCL3;GNG11;PRKCB;RAC2;CXCR4;CCL4;CCR5;CCR1;FASLG;IL10RA;CXCL12;IL1B;HLA-E;CCL2;NFATC2;TNF;HLA-B;PIK3CD;CREB5;HLA-C;HLA-F;PTGER4;PTGS2;GNAI2;NFKBIA;GNG2;GNGT2;B2M;HLA-A;PLCB2;HLA-G;PTK2B;IL6R;PTGER2;IL6;GNA13;GNG7;NFATC1;GRB2;GNAO1;ADCY7;ARHGEF1;MAPK1;AKT2;JAK1;CRKL;STING1;CDKN1A;RHOA;CREB3L3;PIK3R1;CALM3;IKBKG;CX3CL1;ITPR2;ITPR1;PRKACB;PXN;IL1R1;MAPK3;TAP1;AKT3;GNAQ;GNG10;TNFRSF1A;CASP8;PRKCG;PDGFRA;IL10RB;PIK3CB;PRKACA;ADCY4;RAF1;TRADD;GNAS;FAS
prerank,Aminoacyl-tRNA biosynthesis,-0.47663717449650883,-1.6566744222410699,7.633588e-03,3.744030e-02,2.940000e-01,29/44,38.40%,EARS2;GARS1;FARSB;MARS2;LARS1;IARS1;QRSL1;DARS2;IARS2;TARS2;YARS2;VARS1;VARS2;NARS2;EPRS1;RARS2;RARS1;GATC;PARS2;WARS2;TARS1;DARS1;LARS2;CARS2;AARS2;MTFMT;PSTK;YARS1;KARS1
prerank,Pertussis,0.5124532449050864,1.6381181793396802,3.750000e-03,1.467800e-02,5.370000e-01,27/76,10.90%,CXCL5;NLRP3;ITGAM;ITGB2;C1QA;CXCL8;CD14;C1QC;C1QB;C2;C4BPB;TLR4;IL1B;TNF;FOS;C4A;C4B;IRF8;GNAI2;LY96;CASP1;ITGA5;IRF1;SERPING1;IL10;IL6;MYD88
prerank,Amoebiasis,0.4985179048622208,1.633895684109041,1.000000e-03,1.520730e-02,5.550000e-01,37/98,16.88%,CTSG;SERPINB3;IL1R2;ARG1;ITGAM;ITGB2;CXCL8;CD14;PRKCB;CXCL3;MUC2;IFNG;TLR2;TLR4;IL1B;SERPINB9;TNF;TGFB1;PIK3CD;SERPINB10;C8G;PLCB2;COL1A1;IL10;CXCL2;FN1;IL6;COL1A2;SERPINB4;IL12B;C8A;CD1D;GNA15;ACTN1;VCL;CXCL1;NOS2
prerank,Apoptosis,0.47330769014715585,1.6223713490243281,1.166861e-03,1.680823e-02,5.870000e-01,63/136,27.83%,SPTA1;PRF1;BCL2A1;GZMB;CTSW;TUBA8;CSF2RB;CTSS;FASLG;GADD45B;CTSB;TNF;PIK3CD;FOS;CTSZ;NFKBIA;CTSD;IL3RA;CTSL;NTRK1;CTSK;MCL1;ACTB;CTSC;MAPK1;AKT2;TRAF1;CTSH;ERN1;TUBA4A;CTSO;CASP10;GADD45G;BIRC7;PIK3R1;IKBKG;ITPR2;ITPR1;JUN;BCL2L11;BBC3;TUBA1A;MAPK3;CFLAR;AKT3;TNFRSF1A;CASP8;PIK3CB;RAF1;TRADD;BIRC3;FAS;MAP3K5;MAP2K2;ACTG1;CTSF;PARP4;BAK1;TNFRSF10B;MAP2K1;NFKB1;CASP9;BCL2L1
prerank,Glycosaminoglycan biosynthesis,0.5381435385647535,1.6187662761038975,1.059603e-02,1.737892e-02,5.990000e-01,20/50,21.24%,HS3ST2;CHST7;B3GNT7;HS3ST3A1;ST3GAL1;CHST11;HS3ST3B1;CHST15;CSGALNACT2;CHST2;DSE;NDST2;XYLT1;ST3GAL2;CHST1;B4GALT1;CHST6;CHSY1;CHST4;UST
prerank,Spliceosome,-0.38244704863166057,-1.618724469780122,1.000000e-03,4.707670e-02,3.720000e-01,17/141,10.54%,RNVU1-18;RNU1-2;RNU1-4;RNU4-2;RNU4-1;RNU1-1;RNVU1-7;RNU1-3;LSM5;BUD31;MAGOHB;SNRPG;SNRPD1;SNRPF;RP9;SNRPE;SF3B6
prerank,AGE-RAGE signaling pathway in diabetic complications,0.4902644443233065,1.6095209415786527,3.658537e-03,1.907773e-02,6.360000e-01,39/99,21.00%,CXCL8;PRKCB;THBD;VCAM1;SERPINE1;IL1B;CCL2;CYBB;TNF;TGFB1;PIK3CD;EGR1;PLCB2;STAT5A;COL1A1;PIM1;FN1;PRKCD;SELE;VEGFC;IL6;NFATC1;COL1A2;ICAM1;TGFBR2;STAT5B;MAPK1;AKT2;PLCD1;MMP2;PLCG2;FOXO1;PIK3R1;TGFBR1;JUN;AGTR1;MAPK3;AKT3;JAK2
prerank,Renin-angiotensin system,0.6543314530760379,1.601186453939624,1.506024e-02,2.043204e-02,6.590000e-01,7/18,11.67%,CTSG;ANPEP;CPA3;ACE;CTSA;PRCP;ATP6AP2
prerank,Metabolism of xenobiotics by cytochrome P450,0.5149267872193245,1.5931278865457734,7.947020e-03,2.213350e-02,6.940000e-01,23/66,18.04%,GSTM1;GSTA1;GSTM3;GSTA2;CYP2F1;HPGDS;GSTM2;GSTM5;UGT2A2;CBR1;GSTM4;UGT2A1;ADH1C;CYP2A13;UGT2B28;CYP2B6;ALDH3B1;AKR1C1;CYP1B1;ADH7;GSTA3;HSD11B1;GSTO1
prerank,Cytosolic DNA-sensing pathway,0.5448765416382301,1.59046961777218,1.630435e-02,2.254100e-02,7.050000e-01,14/47,15.81%,CCL5;CCL4L2;CCL4;ZBP1;IL1B;CXCL10;NFKBIA;CASP1;IL33;RIPK3;IL6;IRF7;STING1;PYCARD
prerank,Salmonella infection,0.44424855253386397,1.5880317461801605,1.000000e-03,2.279052e-02,7.120000e-01,100/241,27.61%,TUBB1;MYL2;NLRP3;DYNLRB2;CXCL8;CD14;CYTH4;TUBA8;PTPRC;TLR2;TLR4;IL1B;NLRC4;TNF;PIK3CG;PIK3CD;FOS;NCKAP1L;MYL9;TUBB4A;RHOG;NFKBIA;LY96;CASP1;RIPK3;ELMO1;CASP5;MAP2K3;IL6;TLR9;MYD88;FLNA;MLKL;CYFIP2;CYTH1;ACTB;TLR6;MAPK1;AKT2;RHOH;SNX18;PAK3;CASP4;TUBA4A;PYCARD;TLR5;SNX9;RHOA;TUBB8;RILP;IKBKG;ARL8B;JUN;ARPC5;DYNLRB1;RHOJ;RAB5C;TUBA1A;BRK1;MAPK3;ARPC4;NAIP;AKT3;TNFRSF1A;CYFIP1;FHOD1;CASP8;MYL12A;ARPC2;PODXL;PAK1;TAB2;PFN1;DCTN3;PIK3CB;DNM2;ARL8A;ARPC3;RAF1;TRADD;GSDMD;BIRC3;PLEKHM2;ELMO2;TCF7;STX10;ABI1;CDC42;MAP2K2;ACTG1;RRAS;TAB1;BAK1;ARF1;TNFRSF10B;WASF3;MAP2K1;NFKB1;ACTR2;RAB7A
prerank,Fluid shear stress and atherosclerosis,0.4641915217791803,1.5855831839421888,3.456221e-03,2.311842e-02,7.210000e-01,46/133,20.68%,ITGA2B;GSTM1;ITGB3;GSTA1;GSTM3;IL1R2;NCF1;NCF2;GSTA2;HMOX1;RAC2;KLF2;IFNG;THBD;VCAM1;DUSP1;IL1B;CCL2;MMP9;TNF;GSTM2;GSTM5;PIK3CD;FOS;CYBA;GSTM4;CTSL;SELE;PECAM1;ICAM1;ACTB;AKT2;GSTA3;MMP2;MEF2C;RHOA;PIK3R1;CALM3;IKBKG;GSTO1;JUN;IL1R1;MAPK7;SDC2;AKT3;TNFRSF1A
prerank,Human immunodeficiency virus 1 infection,0.4487557784719618,1.5836233735253755,1.000000e-03,2.323900e-02,7.270000e-01,70/192,21.97%,TNFRSF1B;APOBEC3A;CD247;GNG11;PRKCB;RAC2;CXCR4;CD3G;CCR5;FASLG;CD3E;CD3D;CD4;TLR2;APOBEC3B;TLR4;HLA-E;NFATC2;TNF;HLA-B;PIK3CD;FOS;APOBEC3G;HLA-C;AP1S2;HLA-F;APOBEC3C;GNAI2;NFKBIA;APOBEC3H;GNG2;GNGT2;B2M;HLA-A;HLA-G;PTK2B;MAP2K3;APOBEC3D;MYD88;GNG7;NFATC1;LIMK2;SAMHD1;GNAO1;APOBEC3F;MAPK1;AKT2;PAK3;CRKL;STING1;AP1B1;PLCG2;PIK3R1;CALM3;IKBKG;ITPR2;ITPR1;JUN;PXN;MAPK3;TAP1;AKT3;GNAQ;GNG10;TNFRSF1A;AP1M1;CASP8;PRKCG;PAK1;TAB2
prerank,Other glycan degradation,0.6545961609441964,1.5812886268896729,2.450230e-02,2.341164e-02,7.330000e-01,8/15,18.70%,FUCA1;MAN2B1;MAN2B2;HEXB;MANBA;GLB1;NEU1;HEXA
prerank,Pantothenate and CoA biosynthesis,0.639169397727136,1.563068685809817,2.012384e-02,2.842939e-02,7.900000e-01,8/19,15.78%,VNN2;VNN1;UPB1;BCAT1;DPYS;DPYD;ALDH2;ENPP1
prerank,Glutathione metabolism,0.5143374765472619,1.5610297160458952,1.347709e-02,2.861749e-02,7.980000e-01,15/53,15.95%,GSTM1;GSTA1;ANPEP;GSTM3;GSTA2;HPGDS;GSTM2;GSTM5;NAT8B;GSTM4;GPX1;GCLM;PGD;LAP3;GSTA3
prerank,Epithelial cell signaling in Helicobacter pylori infection,0.4980504521024152,1.5602919533433603,2.541296e-03,2.846741e-02,8.040000e-01,22/67,18.56%,CCL5;CXCR1;CXCR2;CXCL8;CXCL3;JAM3;ATP6V0D2;NFKBIA;CXCL2;TCIRG1;HBEGF;LYN;ATP6V1B2;JAM2;ATP6AP1;CXCL1;ATP6V1F;PLCG2;ATP6V0D1;ATP6V0C;IKBKG;JUN
prerank,Mucin type O-glycan biosynthesis,-0.4752152948705458,-1.5589958563630215,1.034483e-02,6.964763e-02,5.150000e-01,8/35,11.89%,GCNT3;B3GNT6;B3GNT3;GALNT14;GALNT13;GALNT12;GALNT3;C1GALT1C1L
prerank,Hypertrophic cardiomyopathy,0.4720151318778784,1.557858752395816,5.012531e-03,2.859723e-02,8.100000e-01,31/86,18.67%,ITGA2B;MYL2;ITGB3;MYH7;CACNA1S;TTN;SLC8A2;MYL3;TNF;TGFB1;ITGB7;ITGA4;ACE;ITGA11;SLC8A3;MYBPC3;ITGA5;ATP2A1;TNNC1;DES;ATP2A3;IL6;ACTC1;ACTB;TPM2;PRKAG2;DMD;CACNG6;MYH6;TPM1;SLC8A1
prerank,Drug metabolism,0.4739695433812525,1.5556151185593794,6.031363e-03,2.889185e-02,8.140000e-01,23/98,12.49%,MPO;GSTM1;GSTA1;GSTM3;GSTA2;HPGDS;CDA;GSTM2;GSTM5;MAOB;UGT2A2;TYMP;UPB1;GSTM4;UGT2A1;AOX1;ADH1C;UPP1;UGT2B28;CYP2B6;ALDH3B1;FMO3;DPYS
prerank,Cell cycle,-0.3748461162285751,-1.5483310811210218,1.000000e-03,7.042824e-02,5.400000e-01,44/124,22.82%,SFN;TTK;CCNB2;ORC6;CHEK1;MCM4;CDC45;PKMYT1;BUB1B;MAD2L1;DBF4;BUB1;PLK1;CCNE2;PTTG1;ESPL1;CCNA2;CDC7;CDC20;CDK1;CCNB1;PRKDC;MCM7;WEE1;CDC6;ORC5;CDKN2B;CDC25A;RAD21;CCNE1;ANAPC1;ANAPC7;YWHAQ;MCM3;E2F1;SMC1B;ANAPC11;CDK6;MYC;E2F5;CDC25C;CDC25B;CCNA1;ATR
prerank,Fc gamma R-mediated phagocytosis,0.4664398146283146,1.540064188759186,1.177856e-02,3.350928e-02,8.620000e-01,45/96,23.57%,FCGR2B;FCGR3B;FCGR3A;NCF1;FCGR2A;PRKCB;RAC2;PTPRC;WAS;HCK;FCGR1A;PIK3CD;INPP5D;LAT;VAV1;VASP;PRKCD;LIMK2;LYN;VAV3;SYK;GAB2;MAPK1;AKT2;PLA2G4C;PLD2;CRKL;MARCKS;PLPP3;PLCG2;PIK3R1;PIP5K1C;ARPC5;BIN1;MAPK3;ARPC4;AKT3;ASAP1;PRKCG;ARPC2;PAK1;PIK3CB;DNM2;ARPC3;RAF1
prerank,ECM-receptor interaction,0.4724592021320349,1.5383122497912038,9.114583e-03,3.383139e-02,8.650000e-01,24/87,12.42%,GP9;IBSP;ITGA2B;GP1BB;ITGB3;GP5;SPP1;CHAD;THBS1;DMP1;TNN;GP1BA;ITGB7;ITGA4;COMP;GP6;ITGA11;ITGA5;COL1A1;FN1;THBS2;CD36;COL1A2;TNC
prerank,alpha-Linolenic acid metabolism,-0.5336032339356127,-1.5326249605881028,5.187320e-02,7.338804e-02,5.710000e-01,4/20,2.45%,PLA2G4E;PLA2G4F;PLA2G4D;PLA2G3
prerank,Shigellosis,0.4247390776629509,1.5234551229128983,1.000000e-03,3.883452e-02,8.980000e-01,99/237,26.53%,CCL5;MYL2;NLRP3;CXCL8;CD14;HK3;CYTH4;TLR4;IL1B;NLRC4;TNF;PIK3CD;MYL9;SEPTIN6;NFKBIA;CASP1;ITGA5;PLCB2;H3C10;TLN1;ELMO1;PRKCD;MYD88;H3C3;GABARAPL1;CYTH1;HK2;FOXO4;ACTB;GABARAP;MAPK1;AKT2;ILK;FNBP1;CASP4;CRKL;STING1;PLCD1;PYCARD;WIPI1;HCLS1;H3C4;ACTN1;UBB;VCL;TLR5;H3C11;RHOA;PLCG2;FOXO1;H3-3A;PIK3R1;FOXO3;IKBKG;TNIP1;UBC;GABARAPL2;ITPR2;ITPR1;JUN;ARPC5;SEPTIN11;C3;H3-3B;UBE2D1;PXN;H3C8;IL1R1;MAPK3;ARPC4;NAIP;AKT3;TNFRSF1A;AKT1S1;MYL12A;ARPC2;ARHGEF2;H3C12;SEPTIN3;TAB2;H3C7;CAPNS1;PFN1;PIK3CB;ARPC3;TRADD;PRKCQ;ELMO2;RRAGA;RBX1;UBA52;CDC42;ITGB1;ACTG1;DIAPH1;TAB1;U2AF1L4;UBE2D3;ARF1
prerank,RIG-I-like receptor signaling pathway,0.4892875329817371,1.4945861144218695,2.879581e-02,5.113554e-02,9.490000e-01,27/54,28.93%,CXCL8;TNF;CXCL10;RNF125;NFKBIA;IL12B;IRF7;IFNK;STING1;CASP10;CYLD;IKBKG;OTUD5;DDX3X;CASP8;MAP3K1;IKBKE;TRIM25;TRADD;AZI2;TBKBP1;IL12A;NFKBIB;NFKB1;TANK;MAPK14;TRAF3
prerank,Collecting duct acid secretion,0.5698471836790601,1.4887273927325773,4.148148e-02,5.349785e-02,9.540000e-01,9/24,17.32%,SLC4A1;CA2;ATP6V0D2;TCIRG1;ATP6V1B2;ATP6V1F;CLCNKB;ATP6V0D1;ATP6V0C
prerank,Steroid biosynthesis,-0.5168914746455485,-1.4876722106559583,4.289544e-02,9.592811e-02,6.940000e-01,8/20,14.75%,CEL;CYP24A1;SQLE;CYP51A1;MSMO1;TM7SF2;SC5D;FDFT1
prerank,FoxO signaling pathway,0.44008804567034443,1.4872395396480735,5.793743e-03,5.362242e-02,9.560000e-01,46/128,21.20%,KLF2;FASLG;GADD45B;GRM1;RAG2;TGFB1;PIK3CD;CDKN2D;PLK3;S1PR1;S1PR4;SLC2A4;AGAP2;IL7R;IL10;IL6;GRB2;CAT;STK4;GABARAPL1;SOD2;CCND2;FOXO4;TGFBR2;GABARAP;IRS4;MAPK1;IRS2;AKT2;PRKAG2;CDKN1A;GADD45G;BCL6;FOXO1;PIK3R1;CCNG2;FOXO3;TGFBR1;GABARAPL2;PTEN;BCL2L11;HOMER3;MAPK3;AKT3;NLK;EGF
prerank,Propanoate metabolism,-0.45521867322329007,-1.4731020837984155,2.649007e-02,1.006503e-01,7.330000e-01,20/34,33.62%,LDHC;ACACA;MCEE;ACAT2;LDHB;BCKDHB;ACSS3;DLD;LDHAL6A;PCCB;SUCLG1;ACAT1;PCCA;ACSS2;EHHADH;LDHAL6B;ECHS1;SUCLA2;HIBCH;ECHDC1
prerank,Melanogenesis,-0.36694572228235994,-1.4675199903940244,5.524862e-03,9.976268e-02,7.490000e-01,19/96,9.11%,CALML5;WNT7A;ADCY1;CAMK2B;TYR;WNT11;WNT16;CALML3;WNT3;GNAI1;WNT7B;FZD6;TYRP1;PLCB1;CAMK2A;FZD9;KIT;ADCY8;KITLG
prerank,Adipocytokine signaling pathway,0.46470909195282567,1.4596255325756173,2.937420e-02,6.824339e-02,9.760000e-01,27/66,24.79%,TNFRSF1B;ACSL6;TNF;LEP;SOCS3;NFKBIA;SLC2A4;NFKBIE;ACSL1;LEPR;ACSL4;CD36;IRS4;IRS2;AKT2;ADIPOR1;PRKAG2;IKBKG;AKT3;TNFRSF1A;JAK2;RXRA;PPARGC1A;TRADD;PCK2;PRKCQ;CPT1A
prerank,Coronavirus disease,0.40872134098681434,1.4495122801327804,6.593407e-03,7.396006e-02,9.820000e-01,58/209,20.18%,F13A1;NLRP3;C1QA;CXCL8;FCGR2A;C1QC;PRKCB;C5AR1;C1QB;SELP;C3AR1;TLR8;C2;CFD;TLR2;TLR4;TLR7;IL1B;CCL2;CYBB;TNF;PIK3CD;FOS;CXCL10;C4A;C4B;ACE;C8G;NFKBIA;CASP1;MASP1;IL6R;HBEGF;IL6;MYD88;SYK;IL12B;C8A;MMP3;NRP1;MAPK1;JAK1;VWF;CFB;STING1;PLCG2;PIK3R1;IKBKG;JUN;C6;IL6ST;AGTR1;IRF9;IFNAR2;C3;TYK2;MAPK3;C1S
prerank,PI3K-Akt signaling pathway,0.394017710947672,1.4428859929504148,1.000000e-03,7.762352e-02,9.870000e-01,74/309,14.80%,IBSP;ITGA2B;OSM;ITGB3;CSF3R;FGF5;GNG11;SPP1;CHAD;IL2RG;FGF9;THBS1;FASLG;CSF1R;PIK3AP1;IL2RB;TLR2;PIK3R5;TNN;NTF3;IL2RA;TLR4;PIK3R6;ITGB7;PIK3CG;ITGA4;PIK3CD;JAK3;CREB5;COMP;FLT3;ITGA11;GNG2;GNGT2;ITGA5;IL7R;IL3RA;COL1A1;FN1;IL6R;EPOR;VEGFC;FGFR1;CSF1;IL6;CCND3;GNG7;EREG;GH2;NR4A1;GRB2;THBS2;NTRK1;COL1A2;MCL1;SYK;TNC;PDGFD;DDIT4;FLT1;CCND2;LPAR2;FLT3LG;CD19;YWHAH;FGF1;F2R;MAPK1;IL4R;VTN;AKT2;FGF2;JAK1;VWF
prerank,Apelin signaling pathway,0.4238102829250974,1.437013245788986,1.408451e-02,8.082284e-02,9.910000e-01,58/132,23.76%,MYL2;MYL4;GNG11;SPP1;KLF2;CCN2;PIK3R5;SERPINE1;SLC8A2;PIK3R6;MYL3;RYR1;PIK3CG;MYLK2;GNAI2;GNG2;SLC8A3;GNGT2;EGR1;PLCB2;GNA13;GNG7;PDE3B;MEF2B;GABARAPL1;ADCY7;MEF2D;APLNR;GABARAP;MRAS;MAPK1;AKT2;PRKAG2;MEF2C;NOS2;ACTA2;BORCS8-MEF2B;CALM3;TGFBR1;GABARAPL2;ITPR2;ITPR1;SLC8A1;AGTR1;PRKACB;MAPK3;AKT3;GNAQ;GNG10;UCP1;PPARGC1A;APLN;PRKACA;NOS3;ADCY4;HDAC5;RAF1;MYLK
prerank,Pathogenic Escherichia coli infection,0.4081093014206249,1.4358767496430676,8.849558e-03,8.061470e-02,9.920000e-01,83/184,27.78%,TUBB1;NLRP3;CXCL8;FCGR2A;CYTH4;TUBA8;MYO1F;FASLG;MYO1G;TLR4;IL1B;WIPF1;TNF;FOS;NCKAP1L;TUBB4A;CLDN10;NFKBIA;FYN;CASP1;PTPN6;IL6;GNA13;MYD88;WIPF3;CYFIP2;CYTH1;CLDN11;LPAR2;ACTB;ARHGEF1;F2R;MAPK1;PAK3;CASP4;TUBA4A;PYCARD;HCLS1;TLR5;RHOA;TUBB8;IKBKG;MYH9;JUN;ARPC5;TUBA1A;MYO5A;BRK1;IL1R1;MAPK3;ARPC4;NAIP;TNFRSF1A;CYFIP1;CASP8;ARPC2;ARHGEF2;SEC24A;PAK1;TAB2;ARPC3;TRADD;MYH10;CLDN16;FAS;MYO1A;ABI1;CDC42;ITGB1;ACTG1;TAB1;BAK1;ARF1;TNFRSF10B;NFKBIB;SEC24B;EZR;WASF3;NFKB1;F2;ACTR2;CASP9;SEC24D
prerank,Nucleotide excision repair,-0.4020155647919687,-1.4305362343638877,4.400000e-02,1.230673e-01,8.220000e-01,17/46,26.95%,RFC3;POLD2;POLE;RFC5;RPA3;MNAT1;RFC4;POLE4;GTF2H3;RFC2;POLE3;CUL4A;POLE2;POLD1;ERCC8;PCNA;XPA
prerank,Dilated cardiomyopathy,0.43164335801788956,1.428185680513662,2.503129e-02,8.530511e-02,9.950000e-01,28/90,17.06%,ITGA2B;MYL2;ITGB3;MYH7;CACNA1S;TTN;SLC8A2;MYL3;TNF;TGFB1;ITGB7;ITGA4;ITGA11;SLC8A3;MYBPC3;ITGA5;ATP2A1;TNNC1;DES;ATP2A3;ADCY7;ACTC1;ACTB;TPM2;PLN;DMD;CACNG6;MYH6
prerank,Regulation of actin cytoskeleton,0.40508394918912494,1.4243535838972838,9.814613e-03,8.694042e-02,9.970000e-01,83/198,26.05%,ITGA2B;MYL2;ITGB3;ITGAX;ITGAM;ITGB2;FGF5;IQGAP2;RAC2;CXCR4;FGF9;ITGAD;ITGAL;CXCL12;FGD3;ITGB7;TMSB4X;ITGA4;PIK3CD;PIP4K2A;NCKAP1L;MYL9;ARHGEF6;MYLK2;ITGA11;ITGA5;VAV1;FN1;FGFR1;GNA13;LIMK2;VAV3;ITGAE;PDGFD;CYFIP2;LPAR2;ACTB;ARHGEF1;FGF1;F2R;MRAS;MAPK1;FGF2;PAK3;CRKL;SSH2;ACTN1;VCL;RHOA;PIK3R1;MYH9;PIP5K1C;SPATA13;MSN;ARPC5;FGF10;BRK1;PXN;MAPK3;ARPC4;CYFIP1;FGFR4;EGF;MYL12A;ARPC2;PDGFRA;PAK1;PFN1;PIK3CB;FGFR2;ARPC3;RAF1;MYH10;MYLK;CFL1;ITGB5;PIKFYVE;CDC42;ITGB1;MAP2K2;ACTG1;RRAS;DIAPH1
prerank,RNA polymerase,-0.4505379776409528,-1.422489020723179,5.298013e-02,1.240878e-01,8.350000e-01,22/31,41.27%,POLR1A;POLR3B;POLR3G;POLR2K;POLR1F;POLR1B;POLR3K;POLR3F;POLR2D;POLR1C;POLR2J2;POLR3E;POLR3D;POLR3C;POLR2B;POLR2C;POLR3H;POLR2H;POLR1D;POLR2J3;POLR2J;POLR3A
prerank,IL-17 signaling pathway,0.4402248502117279,1.4218333554762372,3.598015e-02,8.775576e-02,9.980000e-01,28/83,16.61%,CXCL5;CXCL8;MUC5B;CXCL3;CCL7;CCL11;MUC5AC;FOSB;IFNG;CEBPB;IL1B;CCL2;MMP9;TNF;FOS;DEFB4A;CXCL10;PTGS2;IL17RA;NFKBIA;CXCL2;IL6;MMP3;MAPK1;LCN2;JUND;CXCL1;TNFAIP3
prerank,Autophagy,0.416413962827934,1.4162203911724496,1.468927e-02,9.122753e-02,9.980000e-01,53/133,28.12%,CTSB;PIK3CD;CTSD;C9orf72;CTSL;PRKCD;ATG16L2;ATG2A;DAPK1;GABARAPL1;DDIT4;GABARAP;IRS4;MRAS;MAPK1;IRS2;AKT2;ERN1;WIPI1;MTMR14;ATG7;PIK3R1;RAB8A;MTMR3;GABARAPL2;ITPR1;PTEN;TP53INP2;PRKACB;MAPK3;CFLAR;AKT3;SNAP29;AKT1S1;SMCR8;LAMP2;PIK3CB;PRKACA;RAF1;LAMP1;RAB39B;PRKCQ;RRAGA;RUBCN;MAP2K2;ATG4C;ZFYVE1;RRAS;MAP2K1;NRBF2;RAB7A;BCL2L1;TANK
prerank,Chronic myeloid leukemia,0.44697368161070605,1.4140877557817777,3.522013e-02,9.216758e-02,9.980000e-01,31/76,27.83%,GADD45B;TGFB1;PIK3CD;NFKBIA;STAT5A;GRB2;GAB2;TGFBR2;STAT5B;MAPK1;AKT2;CRKL;CDKN1A;RUNX1;GADD45G;PIK3R1;IKBKG;TGFBR1;MAPK3;AKT3;CDKN1B;PIK3CB;RAF1;MAP2K2;RB1;BAK1;ARAF;MAP2K1;NFKB1;SHC4;BCL2L1
prerank,Endocytosis,0.3969472052367664,1.4130841866880584,6.451613e-03,9.210987e-02,9.980000e-01,76/247,23.51%,CXCR1;FOLR2;CXCR2;CYTH4;CXCR4;IL2RG;CCR5;ARRB2;IL2RB;IL2RA;DAB2;HLA-E;WIPF1;HSPA6;HLA-B;ACAP1;DNM3;HLA-C;FOLR3;HLA-F;SMAP2;IQSEC1;AGAP2;HLA-A;HLA-G;DNAJC6;RUFY1;ARRB1;WIPF3;GRK6;ARAP1;HSPA1B;EHD1;CYTH1;SH3KBP1;RAB31;HSPA1A;CBLB;TGFBR2;PLD2;RHOA;SNX2;RAB8A;TGFBR1;EHD4;PIP5K1C;LDLRAP1;GRK3;ARPC5;BIN1;AP2A2;RAB5C;GRK2;GIT2;EPS15;ARPC4;MVB12B;IQSEC2;GRK5;CAPZB;EHD3;ASAP1;FGFR4;PSD4;ARPC2;CAPZA2;PDGFRA;WASHC2C;HSPA1L;GRK7;ARAP3;FGFR2;DNM2;ARAP2;ARPC3;PSD3
prerank,Linoleic acid metabolism,-0.4670142535852469,-1.4078194984338495,9.451220e-02,1.307559e-01,8.600000e-01,4/23,2.45%,PLA2G4E;PLA2G4F;PLA2G4D;PLA2G3
prerank,MAPK signaling pathway,0.3850780681869954,1.4008834968620691,7.502680e-03,1.008837e-01,9.980000e-01,103/274,23.67%,RASGRP4;FGF5;CD14;PRKCB;RAC2;FGF9;FASLG;ARRB2;CACNA1S;GADD45B;CSF1R;DUSP1;RASGRP2;NTF3;IL1B;PTPN7;HSPA6;TNF;TGFB1;FOS;DUSP5;MAP3K8;DUSP2;MAP4K1;FLT3;PTPRR;MAX;RELB;VEGFC;RAP1B;FGFR1;CSF1;MAP2K3;MYD88;NFATC1;EREG;MKNK1;NR4A1;FLNA;GRB2;NTRK1;ARRB1;STK4;PTPN5;RPS6KA1;HSPA1B;PDGFD;NFKB2;RASGRP1;FLT1;HSPA1A;FLT3LG;TGFBR2;MAP3K3;FGF1;MRAS;MAPK1;AKT2;FGF2;PLA2G4C;RASGRP3;DUSP3;CRKL;JUND;TEK;MEF2C;RAP1A;GADD45G;CACNG6;IL1RAP;IKBKG;TGFBR1;JUN;FGF10;RASA2;PRKACB;IL1R1;MAPK7;MAPK3;AKT3;NTRK2;MAPKAPK2;TNFRSF1A;NLK;RASGRF2;MAPKAPK3;FGFR4;EGF;PRKCG;DUSP10;PDGFRA;MAP3K1;PAK1;TAB2;HSPA1L;MAP3K11;CACNA2D4;FGFR2;PRKACA;CACNA2D1;RAF1;DUSP4;TRADD
prerank,Mineral absorption,0.4568660416288711,1.400655245763466,5.706874e-02,1.000235e-01,9.980000e-01,25/56,22.41%,MT1H;HMOX1;SLC6A19;MT1A;SLC8A2;SLC8A3;ATP1B2;FTL;SLC40A1;CYBRD1;MT2A;FTH1;MT1M;VDR;ATP1A2;MT1G;FXYD2;ATOX1;SLC46A1;SLC8A1;ATP2B1;ATP1B3;TF;ATP7A;SLC30A1
prerank,Porphyrin and chlorophyll metabolism,0.4934113525792571,1.399601329939165,6.302521e-02,9.985269e-02,9.980000e-01,10/38,15.91%,ALAS2;HMOX1;BLVRB;UGT2A2;UGT2A1;UGT2B28;FECH;UROD;HMBS;CPOX
prerank,Viral carcinogenesis,0.39942633674073746,1.3992458494708508,1.333333e-02,9.912231e-02,9.980000e-01,74/189,24.42%,CCR5;EGR3;H4C6;EGR2;HLA-E;HLA-B;PIK3CD;JAK3;CREB5;CCR4;HLA-C;HLA-F;ATP6V0D2;NFKBIA;HLA-A;HLA-G;STAT5A;H2BC6;CCND3;H4C9;KAT2B;H2BC14;LYN;GRB2;SYK;NFKB2;IRF7;CCND2;RBPJ;STAT5B;YWHAH;MAPK1;TRAF1;JAK1;CDKN1A;ACTN1;H2BC3;H2BC13;VAC14;RHOA;ATP6V0D1;CREB3L3;PIK3R1;H2BC9;H2BC7;IKBKG;H2BC11;H2BC10;JUN;RASA2;IL6ST;IRF9;C3;H2BC21;PRKACB;PXN;MAPK3;H2BC12;MAPKAPK2;DDX3X;H4C1;H2BC5;CASP8;H2BC4;CDKN1B;PIK3CB;PRKACA;CCR8;H2BC17;HDAC5;TRADD;H4C5;GTF2B;SP100
prerank,Fc epsilon RI signaling pathway,0.45030864786709,1.3966203277898985,4.774194e-02,1.003776e-01,9.980000e-01,25/63,17.62%,ALOX5AP;RAC2;LCP2;ALOX5;FCER1G;BTK;TNF;PIK3CD;INPP5D;FYN;LAT;VAV1;MAP2K3;MS4A2;LYN;GRB2;VAV3;SYK;GAB2;MAPK1;AKT2;PLA2G4C;FCER1A;PLCG2;PIK3R1
prerank,Cardiac muscle contraction,0.4316729496384395,1.387774543926112,4.408060e-02,1.071904e-01,9.980000e-01,28/75,23.66%,MYL2;MYL4;MYH7;CACNA1S;TRDN;SLC8A2;MYL3;CASQ2;SLC8A3;ATP1B2;ATP2A1;TNNC1;ATP2A3;ACTC1;TPM2;ATP1A2;FXYD2;HRC;CACNG6;MYH6;TPM1;SLC8A1;ATP1B3;SLC9A7;CACNA2D4;TPM4;CACNA2D1;COX6B2
prerank,Basal cell carcinoma,-0.372580408315473,-1.3863794945297259,3.238866e-02,1.441297e-01,8.980000e-01,10/59,7.65%,WNT7A;HHIP;BMP4;WNT11;WNT16;WNT3;WNT7B;FZD6;SHH;FZD9
prerank,Rap1 signaling pathway,0.3877188588563499,1.3858169647230671,1.516793e-02,1.078981e-01,9.980000e-01,77/194,23.79%,ITGA2B;ITGB3;FPR1;ITGAM;ITGB2;FGF5;PRKCB;RAC2;LCP2;FGF9;THBS1;CSF1R;ITGAL;RASGRP2;APBB1IP;P2RY1;PIK3CD;RAPGEF1;GNAI2;FYB1;PLCB2;LAT;TLN1;VAV1;VASP;SIPA1;VEGFC;RAP1B;FGFR1;CSF1;MAP2K3;VAV3;GNAO1;PDGFD;ADCY7;FLT1;DOCK4;LPAR2;ACTB;EVL;RASSF5;FGF1;F2R;MRAS;MAPK1;AKT2;FGF2;SIPA1L1;ADORA2A;RGS14;RASGRP3;CRKL;GRIN2A;TEK;RAP1A;RHOA;RALGDS;PIK3R1;CALM3;FGF10;SIPA1L3;MAPK3;AKT3;GNAQ;FGFR4;EGF;PRKCG;PDGFRA;SKAP1;PFN1;ARAP3;PIK3CB;FGFR2;DRD2;ADCY4;RAF1;GNAS
prerank,Non-small cell lung cancer,0.4391164040501087,1.3838858491698065,5.972046e-02,1.081572e-01,9.980000e-01,34/72,27.96%,PRKCB;GADD45B;PIK3CD;JAK3;STAT5A;GRB2;STK4;STAT5B;RASSF5;MAPK1;AKT2;CDKN1A;GADD45G;PLCG2;PIK3R1;RASSF1;FOXO3;MAPK3;AKT3;EGF;PRKCG;RXRA;PIK3CB;RARB;RAF1;FHIT;MAP2K2;RB1;BAK1;HGF;ARAF;MAP2K1;CASP9;KIF5A
prerank,Glycosaminoglycan degradation,0.571402850206911,1.383834206732724,1.051051e-01,1.071411e-01,9.980000e-01,10/17,23.27%,HPSE;GNS;ARSB;HEXB;GLB1;GALNS;HEXA;SGSH;IDUA;NAGLU
prerank,Ovarian steroidogenesis,-0.39670445775817187,-1.3812709439404693,4.961832e-02,1.441957e-01,9.050000e-01,13/44,15.59%,PLA2G4E;PLA2G4F;PLA2G4D;ADCY1;HSD3B2;HSD3B1;AKR1C3;ADCY8;IGF1R;LDLR;LHCGR;STAR;ADCY2
prerank,Endocrine and other factor-regulated calcium reabsorption,0.4667791802613133,1.3749431418954245,6.495264e-02,1.147103e-01,9.990000e-01,21/48,23.79%,PRKCB;SLC8A2;DNM3;PTH1R;ESR1;SLC8A3;ATP1B2;PLCB2;VDR;ATP1A2;FXYD2;SLC8A1;AP2A2;PRKACB;ATP2B1;ATP1B3;GNAQ;PRKCG;DNM2;PRKACA;GNAS
prerank,Galactose metabolism,0.4963889357036857,1.3598767112132002,9.038737e-02,1.282979e-01,1.000000e+00,11/27,20.30%,AKR1B10;MGAM;HK3;MGAM2;GLA;HK2;GAA;GALM;GLB1;B4GALT1;AKR1B1
prerank,Melanoma,0.4373698015848465,1.343672360253346,7.263294e-02,1.445664e-01,1.000000e+00,28/61,27.17%,FGF5;FGF9;GADD45B;PIK3CD;FGFR1;PDGFD;FGF1;MAPK1;AKT2;FGF2;MITF;CDKN1A;GADD45G;PIK3R1;PTEN;FGF10;MAPK3;AKT3;EGF;PDGFRA;PIK3CB;RAF1;MAP2K2;RB1;BAK1;HGF;ARAF;MAP2K1
prerank,Focal adhesion,0.3750461473314773,1.340022697095153,2.947598e-02,1.474307e-01,1.000000e+00,65/196,21.95%,IBSP;ITGA2B;MYL2;ITGB3;SPP1;PRKCB;RAC2;CHAD;THBS1;PARVG;TNN;ITGB7;ITGA4;PIK3CD;MYL9;COMP;MYLK2;RAPGEF1;ITGA11;FYN;ITGA5;ZYX;COL1A1;PARVB;TLN1;VAV1;FN1;VASP;VEGFC;RAP1B;CCND3;FLNA;GRB2;VAV3;THBS2;COL1A2;TNC;PDGFD;FLT1;CCND2;ACTB;MAPK1;VTN;AKT2;ILK;PAK3;VWF;CRKL;ACTN1;VCL;RAP1A;RHOA;PIK3R1;PIP5K1C;JUN;PTEN;PXN;MAPK3;AKT3;COL9A2;EGF;MYL12A;PRKCG;PDGFRA;PAK1
prerank,"Parathyroid hormone synthesis, secretion and action",0.3992146243400317,1.3136370978516907,6.227106e-02,1.791554e-01,1.000000e+00,45/101,24.91%,BGLAP;PRKCB;ARRB2;SOST;MMP25;PDE4B;FOS;CREB5;MAFB;PTH1R;GNAI2;EGR1;PLCB2;PDE4A;FGFR1;HBEGF;GNA13;ARRB1;ADCY7;MEF2D;VDR;ARHGEF1;MAPK1;PLD2;NR4A2;CDKN1A;JUND;PTHLH;MEF2C;RHOA;CREB3L3;ITPR2;ITPR1;PRKACB;MAPK3;GNAQ;GATA3;PRKCG;RXRA;PRKACA;ADCY4;RAF1;GNAS;MMP17;MMP13
prerank,cGMP-PKG signaling pathway,0.3719683426848036,1.2906766540791266,5.517241e-02,2.097715e-01,1.000000e+00,55/157,20.42%,MYH7;ADORA3;CACNA1S;PIK3R5;SLC8A2;PIK3R6;NFATC2;PIK3CG;CREB5;MYL9;MYLK2;GNAI2;ADRB3;SLC8A3;PRKG2;ATP1B2;ATP2A1;PLCB2;PDE2A;ATP2A3;VASP;ADRA2B;GNA13;NFATC1;PDE3B;MEF2B;ADCY7;MEF2D;KCNMB1;IRS4;ATP1A2;MAPK1;IRS2;AKT2;PPIF;PLN;EDNRB;FXYD2;MEF2C;MYH6;RHOA;CREB3L3;IRAG1;BORCS8-MEF2B;RGS2;CALM3;ITPR2;ITPR1;SLC8A1;AGTR1;ATP2B1;ATP1B3;MAPK3;AKT3;GNAQ
prerank,Synaptic vesicle cycle,-0.3436161925854521,-1.2880190607275146,7.727273e-02,2.579616e-01,9.840000e-01,15/68,10.62%,SLC6A11;SLC6A3;UNC13A;SYT1;CPLX2;CPLX1;ATP6V1B1;SLC1A6;ATP6V1E2;SLC17A8;STX1A;CACNA1B;ATP6V1C2;SNAP25;SLC6A2
prerank,PPAR signaling pathway,0.4119938309625992,1.2863362809375347,1.067708e-01,2.141871e-01,1.000000e+00,24/65,21.35%,ACSL6;APOA2;PLTP;FABP4;GK;PLIN2;OLR1;FABP6;ANGPTL4;ACSL1;SCD5;ACSL4;CD36;PPARG;CYP27A1;NR1H3;SLC27A2;ILK;SLC27A1;UBC;PPARD;UCP1;ACAA1;RXRA
prerank,Insulin resistance,0.3828366816167864,1.2837666634321572,9.112150e-02,2.163644e-01,1.000000e+00,44/105,29.11%,PPP1R3A;PRKCB;PYGM;TNF;PIK3CD;CREB5;SOCS3;NFKBIA;SLC2A4;PRKCD;IL6;CD36;RPS6KA1;PPP1R3B;NR1H3;GFPT2;IRS2;AKT2;PRKAG2;SLC27A2;SLC27A1;FOXO1;CREB3L3;PIK3R1;PTEN;AKT3;TNFRSF1A;PPARGC1A;PIK3CB;NOS3;PCK2;PRKCQ;NR1H2;CRTC2;CPT1A;GYS1;PYGL;NFKB1;CREB3L1;OGA;STAT3;PTPN1;SLC27A3;CREB1
prerank,Cholesterol metabolism,0.43283589125390476,1.2826432862513144,1.420912e-01,2.160505e-01,1.000000e+00,16/46,14.25%,APOA4;APOA2;PLTP;APOC2;LIPA;APOC1;CETP;APOE;ANGPTL4;ABCA1;LRP1;LIPC;CD36;SOAT1;CYP27A1;LRPAP1
prerank,Ether lipid metabolism,-0.36264599429249905,-1.2764782187185166,1.302682e-01,2.661141e-01,9.900000e-01,5/43,2.45%,PLA2G4E;PLA2G4F;PLA2G4D;UGT8;PLA2G3
prerank,Glutamatergic synapse,-0.3125077939404827,-1.2740593108168194,4.761905e-02,2.604406e-01,9.900000e-01,16/106,6.38%,PLA2G4E;GRIK3;PLA2G4F;PLA2G4D;GRIA4;ADCY1;GNG4;GRM4;SLC38A3;SHANK2;GRIK4;GNAI1;SLC1A6;SLC17A8;PLCB1;GRM2
prerank,Arrhythmogenic right ventricular cardiomyopathy,0.39176734120171997,1.2610274466811076,1.232529e-01,2.485611e-01,1.000000e+00,14/73,9.76%,ITGA2B;ITGB3;ACTN2;ACTN3;CACNA1S;SLC8A2;ITGB7;ITGA4;ITGA11;SLC8A3;ITGA5;ATP2A1;DES;ATP2A3
prerank,Neurotrophin signaling pathway,0.36625462569133227,1.2478586309708768,1.208920e-01,2.692480e-01,1.000000e+00,37/118,20.50%,FASLG;MATK;NTF3;PIK3CD;ARHGDIB;IRAK3;RAPGEF1;NFKBIA;NFKBIE;PRKCD;RAP1B;IRAK2;GRB2;NTRK1;NTRK3;RPS6KA1;SH2B2;MAP3K3;MAPK1;SH2B3;AKT2;CRKL;BEX3;RAP1A;RHOA;PLCG2;TP73;PIK3R1;CALM3;FOXO3;JUN;MAPK7;MAPK3;AKT3;NTRK2;MAPKAPK2;ARHGDIA
prerank,One carbon pool by folate,-0.43418486626752373,-1.2467772951318439,1.609195e-01,2.949833e-01,9.950000e-01,12/20,34.80%,MTHFD2;GART;TYMS;SHMT2;MTHFD2L;ATIC;MTHFD1;DHFR;ST20-MTHFS;MTHFD1L;MTFMT;MTHFS
prerank,Butanoate metabolism,-0.4137581746161817,-1.2406763060335866,2.190813e-01,2.962843e-01,9.950000e-01,16/25,31.60%,GAD1;HMGCS2;ACSM6;ACSM4;L2HGDH;ACSM3;AACS;ALDH5A1;ACAT2;HMGCS1;BDH1;OXCT1;ACAT1;EHHADH;ACSM1;ECHS1
prerank,Morphine addiction,0.3911319641455054,1.2350783004151884,1.501272e-01,2.898687e-01,1.000000e+00,22/76,12.69%,GABRP;GABRA5;GNG11;PRKCB;ARRB2;PDE10A;PDE4B;GNAI2;GNG2;GABRB2;GNGT2;PDE4A;KCNJ5;PDE2A;OPRM1;GABRB3;GNG7;PDE3B;GNAO1;ARRB1;GRK6;ADCY7
prerank,Sphingolipid signaling pathway,0.36763369991714234,1.2342090540928676,1.238426e-01,2.889266e-01,1.000000e+00,45/117,27.34%,PRKCB;ADORA3;RAC2;FCER1G;TNF;PIK3CD;GNAI2;ASAH1;S1PR1;S1PR4;CTSD;FYN;PLCB2;S1PR2;MS4A2;GNA13;GAB2;MAPK1;AKT2;SMPD1;PLD2;CERS4;FCER1A;RHOA;PIK3R1;S1PR5;PTEN;MAPK3;AKT3;GNAQ;TNFRSF1A;ACER2;PRKCG;PIK3CB;NOS3;RAF1;TRADD;PPP2R2B;MAP3K5;ABCC1;MAP2K2;PPP2R5B;GNAI3;MAP2K1;NFKB1
prerank,Alcoholism,0.35238179145402954,1.2294694590114026,1.145717e-01,2.953381e-01,1.000000e+00,77/168,27.86%,GNG11;FOSB;H4C6;CREB5;MAOB;GNAI2;GNG2;GNGT2;H3C10;H2BC6;SLC29A3;GNG7;H3C3;H4C9;H2BC14;GRB2;GNAO1;H2AC6;SLC18A2;MAPK1;ADORA2A;CAMKK1;GRIN2A;H2AC16;H3C4;H2BC3;H2BC13;H3C11;H3-3A;CREB3L3;H2BC9;CALM3;GRIN2D;H2BC7;H2BC11;H2BC10;GRIN3A;H3-3B;H2BC21;PRKACB;H3C8;GRIN3B;MAPK3;H2BC12;NTRK2;GNG10;H4C1;H2AC7;H2BC5;H2AC14;H3C12;H2BC4;H3C7;PRKACA;DRD2;H2AC15;H2BC17;HDAC5;RAF1;GNAS;H4C5;H2AC13;DRD1;HDAC4;H2BC8;MAOA;H2AC8;GNG5;GNB1;H2BC15;ARAF;GNB5;GNAI3;MAP2K1;SHC4;H2AC12;CREB3L1
prerank,"Growth hormone synthesis, secretion and action",0.3666138131585788,1.2277598163705696,1.308068e-01,2.961806e-01,1.000000e+00,42/112,23.79%,PRKCB;CACNA1S;PIK3CD;FOS;CREB5;SOCS3;SSTR5;GNAI2;PLCB2;STAT5A;SSTR2;MAP2K3;GH2;GRB2;GHSR;ADCY7;JUNB;STAT5B;SOCS1;IRS4;MAPK1;IRS2;AKT2;CRKL;IGFALS;PLCG2;CREB3L3;PIK3R1;ITPR2;ITPR1;PRKACB;MAPK3;AKT3;GNAQ;JAK2;PRKCG;MAP3K1;PIK3CB;PRKACA;ADCY4;RAF1;GNAS
prerank,Carbohydrate digestion and absorption,0.41998651696998196,1.2266140047207488,1.896317e-01,2.957178e-01,1.000000e+00,16/43,20.82%,MGAM;HK3;PRKCB;SLC2A5;PIK3CD;ATP1B2;PLCB2;MGAM2;HK2;ATP1A2;AKT2;FXYD2;PIK3R1;ATP1B3;AKT3;AMY2B
prerank,Proteoglycans in cancer,0.34691627521478974,1.2199051591988288,9.673913e-02,3.061998e-01,1.000000e+00,59/197,20.25%,ANK1;ITGB3;TIMP3;PRKCB;THBS1;PLAUR;FASLG;GPC3;TLR2;HPSE;WNT2;TLR4;MMP9;TNF;TGFB1;PIK3CD;IHH;ESR1;ITGA5;PTPN6;COL1A1;CTSL;VAV1;FN1;FGFR1;HBEGF;FLNA;GRB2;VAV3;COL1A2;MIR21;IL12B;DCN;ACTB;ARHGEF1;MRAS;MAPK1;VTN;AKT2;TWIST2;FGF2;FZD2;CDKN1A;HCLS1;MMP2;LUM;FZD7;RHOA;PLCG2;PIK3R1;ITPR2;ITPR1;MSN;PRKACB;PXN;PLAU;MAPK3;SDC2;AKT3
prerank,Pathways in cancer,0.32894517838152076,1.2190346844218576,4.077472e-02,3.052957e-01,1.000000e+00,131/488,19.13%,ITGA2B;GSTM1;GSTA1;GSTM3;CSF3R;RASGRP4;FGF5;CXCL8;GNG11;PRKCB;GSTA2;HMOX1;RAC2;CXCR4;IL2RG;CSF2RB;FGF9;FASLG;CSF2RA;SPI1;GADD45B;CSF1R;IFNG;IL2RB;CXCL12;IL12RB1;STAT4;WNT2;RASGRP2;IL2RA;MMP9;TGFB1;PIM2;GSTM2;GSTM5;PIK3CD;JAK3;FOS;PTGER4;FLT3;PTGS2;GNAI2;GSTM4;NFKBIA;ESR1;GNG2;GNGT2;IL7R;PLCB2;IL3RA;STAT5A;PIM1;BMP2;MAX;FN1;IL6R;EPOR;PTGER2;VEGFC;FGFR1;IL6;IL5RA;CCND3;FRAT1;GNA13;GNG7;GRB2;NTRK1;DAPK1;IFNGR1;STK4;IFNGR2;IL12B;ADCY7;NFKB2;RASGRP1;NCOA4;PPARG;CCND2;LPAR2;FLT3LG;TGFBR2;ARHGEF1;STAT5B;RASSF5;FGF1;F2R;MAPK1;RARA;ETS1;IL4R;AKT2;TRAF1;FGF2;JAK1;PLD2;FZD2;RASGRP3;MITF;CRKL;EDNRB;CDKN1A;GLI1;CEBPA;GSTA3;MMP2;RUNX1;GADD45G;NOS2;FZD7;RHOA;PLCG2;IL15;FOXO1;RALGDS;FRAT2;BIRC7;PIK3R1;CALM3;RASSF1;IKBKG;GSTO1;TGFBR1;JUN;PTEN;FGF10;IL6ST;AGTR1;BCL2L11;IFNAR2;BBC3
prerank,Prion disease,0.33634846552681635,1.2134300240118536,9.159483e-02,3.137564e-01,1.000000e+00,47/247,19.91%,TUBB1;CCL5;NCF1;C1QA;NCF2;C1QC;C1QB;TUBA8;RAC2;NCF4;CACNA1S;IL1B;HSPA6;CYBB;TNF;RYR1;PIK3CD;CREB5;TUBB4A;CYBA;C8G;FYN;EGR1;PRKCD;IL6;NCAM2;HSPA1B;HSPA1A;C8A;PRNP;MAPK1;TUBA4A;GRIN2A;PPIF;TUBB8;CREB3L3;PIK3R1;GRIN2D;ITPR2;ITPR1;C6;GRIN3A;TUBA1A;PRKACB;NDUFB11;GRIN3B;MAPK3
prerank,Necroptosis,0.3557666586596676,1.2118590347520974,1.341601e-01,3.141703e-01,1.000000e+00,50/142,25.27%,NLRP3;PYGM;FASLG;IFNG;STAT4;ZBP1;TLR4;IL1B;CYBB;TNF;JAK3;ALOX15;CASP1;STAT5A;IL33;GLUL;RIPK3;FTL;H2AC6;MLKL;IFNGR1;IFNGR2;FTH1;STAT5B;SMPD1;PLA2G4C;JAK1;PYCARD;H2AC16;CYLD;TNFAIP3;IRF9;IFNAR2;TYK2;CFLAR;TNFRSF1A;H2AC7;JAK2;H2AC14;CASP8;H2AC15;STAT6;TRADD;BIRC3;FAS;H2AC13;CHMP4A;CHMP1B;IFNAR1;STAT1
prerank,Prostate cancer,0.36963890491605234,1.2106896048257232,1.507353e-01,3.136320e-01,1.000000e+00,39/95,29.11%,IL1R2;MMP9;SRD5A2;PIK3CD;CREB5;NFKBIA;FGFR1;GRB2;PDGFD;MMP3;MAPK1;AKT2;CDKN1A;ZEB1;FOXO1;CREB3L3;PIK3R1;IKBKG;PTEN;PLAU;MAPK3;AKT3;EGF;PDGFRA;CDKN1B;PIK3CB;FGFR2;RAF1;TCF7;MAP2K2;RB1;ERG;ARAF;MAP2K1;NFKB1;CASP9;CREB3L1;PDGFC;CREB1
prerank,Bladder cancer,0.41653916742722613,1.195009765212528,2.129121e-01,3.430652e-01,1.000000e+00,17/41,27.17%,CXCL8;THBS1;MMP9;TYMP;HBEGF;DAPK1;MAPK1;CDKN1A;MMP2;RASSF1;MAPK3;EGF;RAF1;MAP2K2;RB1;ARAF;MAP2K1
prerank,HIF-1 signaling pathway,0.3614237294078792,1.19398268459324,1.914894e-01,3.422524e-01,1.000000e+00,38/103,25.56%,HK3;PRKCB;HMOX1;TIMP1;IFNG;SERPINE1;TLR4;CYBB;PFKFB3;PIK3CD;IL6R;IL6;MKNK1;IFNGR1;IFNGR2;FLT1;HK2;MAPK1;AKT2;CDKN1A;TEK;NOS2;PLCG2;PIK3R1;MAPK3;AKT3;TF;ENO3;EGF;PRKCG;CDKN1B;PIK3CB;NOS3;PDK1;EIF4E;RBX1;PGK1;MAP2K2
prerank,Insulin secretion,-0.3092600590405206,-1.1903993333266172,1.321586e-01,3.903910e-01,9.980000e-01,18/75,11.97%,RIMS2;ADCY1;CAMK2B;ABCC8;ATP1B1;KCNJ11;KCNN2;STX1A;PCLO;PLCB1;CAMK2A;CHRM3;ADCYAP1;ADCY8;SNAP25;ITPR3;KCNMB4;CACNA1D
prerank,Starch and sucrose metabolism,0.4331498521777113,1.184477481284245,2.439024e-01,3.586999e-01,1.000000e+00,8/32,15.87%,MGAM;HK3;PYGM;MGAM2;HK2;GAA;ENPP1;GYG2
prerank,Protein digestion and absorption,0.3630541328870311,1.1822507474959394,1.808252e-01,3.605950e-01,1.000000e+00,34/95,21.07%,SLC36A2;SLC6A19;SLC8A2;SLC7A7;CPA3;COL13A1;COL20A1;SLC8A3;ATP1B2;PGA3;COL1A1;PGA5;COL26A1;SLC16A10;PGA4;PRCP;COL1A2;COL24A1;CTRB1;CTRB2;ATP1A2;SLC36A1;FXYD2;COL5A1;COL8A2;SLC8A1;KCNQ1;MEP1A;ATP1B3;COL12A1;MME;KCNN4;COL5A2;COL9A2
prerank,Ras signaling pathway,0.32752040844191627,1.1751050056154342,1.632653e-01,3.732217e-01,1.000000e+00,76/208,23.03%,PLA2G2D;RASGRP4;FGF5;GNG11;PRKCB;RAC2;FGF9;FASLG;CSF1R;ZAP70;RASGRP2;RASAL3;NTF3;PIK3CD;PLA1A;RASA3;FLT3;GNG2;GNGT2;LAT;VEGFC;RAP1B;FGFR1;CSF1;GNG7;GRB2;NTRK1;STK4;PDGFD;RGL1;RASGRP1;FLT1;FOXO4;FLT3LG;GAB2;RASSF5;FGF1;MRAS;MAPK1;ETS1;AKT2;FGF2;PAK3;PLA2G4C;PLD2;RASGRP3;GRIN2A;TEK;RAP1A;RHOA;ETS2;PLCG2;RALGDS;PLA2G5;PIK3R1;CALM3;RASSF1;IKBKG;FGF10;RASA2;RAB5C;PRKACB;MAPK3;AKT3;NTRK2;GNG10;RASGRF2;FGFR4;EGF;PRKCG;PDGFRA;PAK1;PIK3CB;SHOC2;FGFR2;PRKACA
prerank,p53 signaling pathway,-0.30616576562136916,-1.1730034821211017,1.581395e-01,4.206501e-01,9.990000e-01,14/73,9.43%,SERPINB5;TP53AIP1;PMAIP1;SFN;CCNB2;CHEK1;GTSE1;CCNE2;EI24;PERP;RPRM;CDK1;CCNB1;RRM2
prerank,Relaxin signaling pathway,0.3480232197310157,1.1703444101103966,1.955763e-01,3.804186e-01,1.000000e+00,54/120,27.86%,GNG11;ARRB2;MMP9;TGFB1;PIK3CD;FOS;CREB5;GNAI2;NFKBIA;GNG2;GNGT2;PLCB2;COL1A1;VEGFC;GNG7;GRB2;GNAO1;ARRB1;COL1A2;ADCY7;TGFBR2;MAPK1;AKT2;RXFP1;EDNRB;MMP2;GNA15;NOS2;ACTA2;CREB3L3;PIK3R1;TGFBR1;JUN;PRKACB;MAPK3;AKT3;GNG10;PIK3CB;PRKACA;NOS3;ADCY4;RAF1;GNAS;MMP13;MAP2K2;VEGFB;GNG5;GNB1;GNB5;GNAI3;MAP2K1;NFKB1;SHC4;CREB3L1
prerank,Bile secretion,-0.29713868106823943,-1.170204129344826,1.395349e-01,4.139936e-01,9.990000e-01,21/74,17.95%,AQP4;SLCO1A2;ADCY1;ABCC2;SLCO1B3;SCTR;ATP1B1;KCNN2;CFTR;UGT2B15;ADCY8;LDLR;SCT;SLC5A1;SLCO1B7;ADCY2;SLC27A5;CYP3A4;UGT1A7;SLC22A1;BAAT
prerank,Chemical carcinogenesis,0.331509824925594,1.1665271364468839,1.526549e-01,3.861696e-01,1.000000e+00,65/204,23.79%,GSTM1;GSTA1;GSTM3;FGF5;PRKCB;GSTA2;FGF9;ARRB2;CACNA1S;HPGDS;CHRNA4;GSTM2;GSTM5;PIK3CD;FOS;CREB5;UGT2A2;PTGS2;CBR1;GNAI2;GSTM4;UGT2A1;ESR1;ADRB3;STAT5A;CYP2A13;CCND3;UGT2B28;CYP2B6;GRB2;ARRB1;RPS6KA1;ADCY7;CYP1B1;VDR;STAT5B;MAPK1;AKT2;FGF2;CYP2C18;GSTA3;BCL6;HSD11B1;CREB3L3;PIK3R1;SULT1A1;GSTO1;JUN;FGF10;PAQR8;PRKACB;MAPK3;AKT3;JAK2;EGF;PRKCG;RXRA;PIK3CB;EPHX1;PRKACA;ADCY4;GSTK1;IKBKE;RAF1;GNAS
prerank,Glycosylphosphatidylinositol (GPI)-anchor biosynthesis,-0.38518640492533673,-1.1658651706791343,2.413793e-01,4.122664e-01,1.000000e+00,13/26,40.90%,PGAP1;PIGW;GPLD1;PIGX;PIGM;PIGP;PIGF;PIGZ;PIGN;GPAA1;PIGV;PIGC;PIGL
prerank,Phospholipase D signaling pathway,0.3377663972933148,1.163135927692477,2.068155e-01,3.901838e-01,1.000000e+00,52/142,23.79%,CXCR1;CXCR2;CXCL8;CYTH4;FCER1G;PIK3R5;GRM1;PIK3R6;DNM3;PIK3CG;PIK3CD;FYN;PLCB2;PTK2B;MS4A2;GNA13;GRM6;GRB2;SYK;PDGFD;AGPAT4;CYTH1;ADCY7;LPAR2;GAB2;F2R;MRAS;MAPK1;AKT2;PLA2G4C;PLD2;PLPP3;FCER1A;RHOA;PLCG2;RALGDS;PIK3R1;DGKG;PIP5K1C;AGTR1;AGPAT1;MAPK3;AKT3;LPAR6;EGF;PTGFR;PDGFRA;PIK3CB;DNM2;ADCY4;RAF1;GNAS
prerank,Calcium signaling pathway,0.3280255271913287,1.1614620933684328,1.735261e-01,3.908673e-01,1.000000e+00,84/216,24.00%,FGF5;P2RX1;CASQ1;PRKCB;CXCR4;FGF9;CACNA1S;CD38;TRDN;GRM1;SLC8A2;P2RX7;HRH2;PTAFR;RYR1;MCOLN1;CASQ2;MYLK2;CYSLTR1;ADRB3;SLC8A3;ATP2A1;PLCB2;TNNC1;NTSR1;ATP2A3;PTK2B;VEGFC;FGFR1;HTR2A;MCOLN2;NTRK1;NTRK3;PDGFD;ADCY7;FLT1;FGF1;F2R;CAMK1;TBXA2R;FGF2;ADORA2A;GRIN2A;ORAI3;PPIF;PLN;EDNRB;PLCD1;ORAI1;HRC;GNA15;OXTR;NOS2;PLCG2;PDE1B;CALM3;GRIN2D;ITPR2;ITPR1;SLC8A1;FGF10;AGTR1;P2RX5;STIM2;PRKACB;ATP2B1;NTRK2;GNAQ;P2RX4;FGFR4;GDNF;EGF;PRKCG;PTGFR;PDGFRA;HTR6;TACR1;FGFR2;PRKACA;NOS3;ADCY4;MYLK;GNAS;ORAI2
prerank,Histidine metabolism,0.4603073030116708,1.1614412161304277,2.870229e-01,3.879115e-01,1.000000e+00,7/21,15.20%,HAL;UROC1;HDC;MAOB;HNMT;ALDH3B1;ALDH2
prerank,Thyroid hormone signaling pathway,0.3454393589674209,1.15749062161866,2.131148e-01,3.934731e-01,1.000000e+00,43/117,28.07%,ITGB3;MYH7;PRKCB;PIK3CD;ESR1;ATP1B2;ATP2A1;PLCB2;ATP2A3;SLC16A10;MED12L;KAT2B;ACTB;ATP1A2;MAPK1;AKT2;PLN;FXYD2;PLCD1;MYH6;PLCG2;FOXO1;PIK3R1;PRKACB;ATP1B3;MAPK3;SLC16A2;AKT3;PRKCG;RXRA;PIK3CB;PRKACA;RAF1;NOTCH1;STAT1;MAP2K2;ACTG1;MED12;RCAN1;MAP2K1;CASP9;DIO1;NCOR1
prerank,Arachidonic acid metabolism,0.37606340899336776,1.1430581177403472,2.635762e-01,4.229712e-01,1.000000e+00,16/53,15.28%,PLA2G2D;ALOX5;PTGS1;HPGDS;PTGIS;TBXAS1;PTGDS;PTGS2;CBR1;ALOX15;ALOX12;CYP2B6;GPX1;PLB1;PLA2G4C;CYP4F3
prerank,Prolactin signaling pathway,0.36597726685891385,1.1413089534215095,2.509804e-01,4.238354e-01,1.000000e+00,28/65,28.91%,PIK3CD;FOS;SOCS3;ESR1;CISH;STAT5A;IRF1;GRB2;CCND2;STAT5B;SOCS1;MAPK1;AKT2;PIK3R1;FOXO3;MAPK3;AKT3;JAK2;PIK3CB;RAF1;GALT;STAT1;MAP2K2;MAP2K1;NFKB1;SHC4;STAT3;MAPK14
prerank,Pancreatic cancer,0.3565522694894251,1.1409770886170114,2.481108e-01,4.214485e-01,1.000000e+00,32/76,29.29%,RAC2;GADD45B;TGFB1;PIK3CD;ARHGEF6;TGFBR2;MAPK1;AKT2;JAK1;PLD2;CDKN1A;GADD45G;RALGDS;PIK3R1;IKBKG;TGFBR1;MAPK3;AKT3;EGF;PIK3CB;RAF1;STAT1;CDC42;RB1;BAK1;ARAF;MAP2K1;NFKB1;CASP9;BCL2L1;STAT3;RALB
prerank,Vitamin digestion and absorption,0.44539534099482603,1.1373798063722689,2.863777e-01,4.261836e-01,1.000000e+00,10/20,26.58%,APOA4;TCN2;SLC23A1;PLB1;SLC46A1;LMBRD1;BTD;APOB;ABCC1;CUBN
prerank,Progesterone-mediated oocyte maturation,-0.28093721841411345,-1.1370876408306851,1.918605e-01,4.734263e-01,1.000000e+00,36/96,25.15%,ADCY1;CCNB2;PKMYT1;GNAI1;MAD2L1;BUB1;PLK1;CCNA2;CDK1;CCNB1;SPDYE3;ADCY8;IGF1R;SPDYA;RPS6KA6;CDC25A;MAPK12;KIF22;CPEB1;ADCY2;AURKA;SPDYE15;ANAPC1;SPDYE6;ANAPC7;SPDYE18;SPDYE11;ADCY5;ANAPC11;CDC25C;CDC25B;SPDYE5;CCNA1;SPDYE1;SPDYE2B;SPDYE2
prerank,Type II diabetes mellitus,0.3838282591949024,1.135562965590159,2.907432e-01,4.273041e-01,1.000000e+00,12/44,14.15%,PKLR;HK3;TNF;PIK3CD;SOCS3;SLC2A4;PRKCD;HK2;SOCS1;IRS4;MAPK1;IRS2
prerank,Endometrial cancer,0.3685286730944387,1.1320264185178714,2.666667e-01,4.326312e-01,1.000000e+00,24/58,27.71%,GADD45B;PIK3CD;GRB2;MAPK1;AKT2;ILK;CDKN1A;GADD45G;PIK3R1;FOXO3;PTEN;MAPK3;AKT3;EGF;PIK3CB;CTNNA3;RAF1;TCF7;MAP2K2;ELK1;BAK1;ARAF;MAP2K1;CASP9
prerank,GnRH signaling pathway,-0.2847658185068912,-1.1299407002134632,1.989529e-01,4.791549e-01,1.000000e+00,10/89,7.05%,CALML5;PLA2G4E;PLA2G4F;PLA2G4D;ADCY1;CAMK2B;CALML3;EGFR;PLCB1;CAMK2A
prerank,Gap junction,0.3461031370015953,1.128894440513427,2.668299e-01,4.368810e-01,1.000000e+00,33/84,25.56%,TUBB1;PRKCB;TUBA8;GRM1;TUBB4A;GNAI2;PRKG2;PLCB2;HTR2A;GRB2;PDGFD;ADCY7;MAPK1;TUBA4A;TUBB8;ITPR2;ITPR1;TUBA1A;PRKACB;MAPK7;MAPK3;GNAQ;EGF;PRKCG;PDGFRA;PRKACA;DRD2;ADCY4;RAF1;GNAS;DRD1;CSNK1D;MAP2K2
prerank,Renal cell carcinoma,0.3609947823462355,1.1266920567061813,2.635561e-01,4.387572e-01,1.000000e+00,36/68,33.01%,TGFB1;PIK3CD;RAPGEF1;RAP1B;GRB2;TFE3;MAPK1;ETS1;AKT2;PAK3;CRKL;CDKN1A;RAP1A;PIK3R1;JUN;MAPK3;FLCN;AKT3;PAK1;PIK3CB;RAF1;RBX1;EPAS1;CDC42;MAP2K2;HGF;ARAF;MAP2K1;GAB1;VHL;PAK4;VEGFA;EGLN2;SLC2A1;HIF1A;CREBBP
prerank,Regulation of lipolysis in adipocytes,0.37608809412730987,1.117564711175441,2.985274e-01,4.567049e-01,1.000000e+00,21/50,23.79%,PTGS1;FABP4;PIK3CD;PTGS2;GNAI2;ADRB3;PRKG2;PDE3B;ADCY7;IRS4;IRS2;AKT2;PNPLA2;PIK3R1;PRKACB;AKT3;PIK3CB;PRKACA;ADCY4;TSHR;GNAS
prerank,Phenylalanine metabolism,0.46703353908825596,1.113703822393326,3.205128e-01,4.626110e-01,1.000000e+00,5/15,13.50%,IL4I1;MAOB;ALDH3B1;HPD;TAT
prerank,Estrogen signaling pathway,-0.2642232825756384,-1.1100537384805251,1.925926e-01,5.236582e-01,1.000000e+00,24/127,11.36%,CALML5;KRT14;KRT16;ADCY1;KRT32;KRT33A;KRT18;CALML3;TGFA;GNAI1;SHC3;EGFR;PLCB1;KRT33B;FKBP4;KRT34;KRT17;GABBR2;ADCY8;KCNJ6;KRT9;KRT35;GPER1;ITPR3
prerank,Pentose and glucuronate interconversions,0.4093905102186388,1.1073014447329512,3.251799e-01,4.745190e-01,1.000000e+00,7/29,20.30%,AKR1B10;UGT2A2;UGT2A1;UGT2B28;UGDH;CRYL1;AKR1B1
prerank,TGF-beta signaling pathway,0.33749929439517135,1.0963945761299505,3.172840e-01,4.974196e-01,1.000000e+00,24/93,19.91%,THBS1;LEFTY2;IFNG;HAMP;BMP6;TNF;TGFB1;GREM1;GDF6;BMP2;LTBP1;NOG;ID2;DCN;TGFBR2;FBN1;MAPK1;INHBA;RHOA;HJV;TGFBR1;SMAD7;ID3;MAPK3
prerank,Neuroactive ligand-receptor interaction,0.30534929073535244,1.094419337855592,2.784399e-01,4.990597e-01,1.000000e+00,65/239,15.65%,CTSG;GABRP;GABRA5;FPR2;PTH2R;FPR1;P2RX1;P2RY13;C5AR1;ADORA3;C3AR1;GZMA;GRM1;P2RY10;CHRNA4;P2RX7;FPR3;HRH2;PTAFR;LEP;CHRNE;P2RY1;GRIA1;CALCA;P2RY8;PTGER4;SSTR5;CYSLTR1;PTH1R;SLURP2;ADRB3;S1PR1;S1PR4;GABRB2;NTSR1;P2RY14;S1PR2;ADRA2B;LEPR;SSTR2;PTGER2;OPRM1;VIPR2;GABRB3;HTR2A;GRM6;GH2;ADM;GIPR;GHSR;NMUR1;APLNR;LPAR2;F2RL2;MTNR1A;F2R;GALR2;TBXA2R;UTS2;ADORA2A;RXFP1;OPRL1;GRIN2A;CHRNA2;EDNRB
prerank,Fat digestion and absorption,0.4104080802985768,1.0942261312735913,3.653295e-01,4.961330e-01,1.000000e+00,11/29,19.32%,PLA2G2D;APOA4;MOGAT2;ABCA1;CD36;DGAT2;PLPP3;SLC27A1;PLA2G5;MTTP;AGPAT1
prerank,GnRH secretion,0.3536241896799321,1.0940777987686532,3.188220e-01,4.929809e-01,1.000000e+00,22/59,23.57%,SPP1;PRKCB;ARRB2;CACNA1S;PIK3CD;PLCB2;KCNJ5;ARRB1;MAPK1;AKT2;KCNN3;PIK3R1;ITPR2;ITPR1;HCN1;MAPK3;AKT3;GNAQ;KCNN4;PRKCG;PIK3CB;RAF1
prerank,"Alanine, aspartate and glutamate metabolism",-0.3388544398559629,-1.0903660658132506,3.141026e-01,5.706787e-01,1.000000e+00,16/33,22.46%,GPT2;GAD1;NAT8L;ASRGL1;CAD;PPAT;ASNS;GOT2;GPT;ALDH5A1;RIMKLA;NIT2;GFPT1;FOLH1;ASL;GLS2
prerank,Adrenergic signaling in cardiomyocytes,0.318932981619054,1.0885159714125574,3.017341e-01,5.025858e-01,1.000000e+00,42/141,20.42%,MYL2;MYL4;MYH7;CACNA1S;PIK3R5;SLC8A2;PIK3R6;MYL3;PIK3CG;CREB5;GNAI2;SLC8A3;ATP1B2;ATP2A1;PLCB2;TNNC1;CREM;ATP2A3;ADCY7;ACTC1;KCNE1;TPM2;ATP1A2;MAPK1;AKT2;SCN1B;PLN;FXYD2;CACNG6;MYH6;CREB3L3;CALM3;TPM1;SLC8A1;KCNQ1;AGTR1;PRKACB;ATP2B1;ATP1B3;MAPK3;AKT3;GNAQ
prerank,Mitophagy,0.34718184597093016,1.0862273671995175,3.337454e-01,5.047408e-01,1.000000e+00,35/66,35.64%,BNIP3L;GABARAPL1;GABARAP;TFE3;MRAS;TFEB;MITF;TBC1D17;UBB;FOXO3;UBC;GABARAPL2;JUN;USP15;UBA52;CITED2;PINK1;RRAS;OPTN;RAB7A;CALCOCO2;BCL2L1;NBR1;MFN2;TBC1D15;CSNK2B;EIF2AK3;RELA;HIF1A;BECN1;FUNDC1;USP8;ATF4;TP53;SP1
prerank,Hepatitis C,0.3150719401629882,1.071204377061544,3.462441e-01,5.389013e-01,1.000000e+00,49/136,27.71%,IFIT1B;FASLG;IFNG;TNF;PIK3CD;CXCL10;SOCS3;CLDN10;NFKBIA;GRB2;CLDN11;CD81;IRF7;NR1H3;YWHAH;MAPK1;AKT2;JAK1;CDKN1A;PIK3R1;IKBKG;IRF9;IFNAR2;TYK2;MAPK3;CFLAR;AKT3;TNFRSF1A;EGF;CASP8;RXRA;MX2;PIK3CB;IKBKE;RAF1;TRADD;CLDN16;FAS;PPP2R2B;IFNAR1;STAT1;MAP2K2;RB1;BAK1;PIAS1;ARAF;MAP2K1;NFKB1;CASP9
prerank,Inflammatory mediator regulation of TRP channels,-0.26728174836327206,-1.0710012259948538,3.297297e-01,6.163429e-01,1.000000e+00,10/96,7.05%,CALML5;PLA2G4E;PLA2G4F;PLA2G4D;ADCY1;CAMK2B;CALML3;F2RL1;PLCB1;CAMK2A
prerank,Maturity onset diabetes of the young,-0.3724197232314358,-1.0702187905609706,3.618234e-01,6.030924e-01,1.000000e+00,6/19,8.30%,FOXA2;IAPP;HNF4G;MNX1;MAFA;PAX6
prerank,Basal transcription factors,-0.31626576876046997,-1.0682845154887177,3.488372e-01,5.940865e-01,1.000000e+00,19/42,37.49%,GTF2IRD1;TAF7L;MNAT1;TAF2;TAF6;GTF2H3;GTF2A2;GTF2F2;GTF2I;TAF7;CDK7;GTF2H4;TAF4B;GTF2E2;GTF2E1;TAF5;TAF6L;TAF4;TAF15
prerank,Non-alcoholic fatty liver disease,0.31092714234216584,1.0664083504738668,3.479769e-01,5.468042e-01,1.000000e+00,34/145,24.02%,PKLR;CXCL8;FASLG;IL1B;TNF;TGFB1;LEP;PIK3CD;FOS;SOCS3;IL6R;LEPR;IL6;PPARG;NR1H3;IRS2;AKT2;ADIPOR1;PRKAG2;ERN1;XBP1;CEBPA;PIK3R1;JUN;BCL2L11;NDUFB11;AKT3;TNFRSF1A;CASP8;RXRA;MAP3K11;PIK3CB;COX6B2;FAS
prerank,Cellular senescence,0.3052931844976347,1.0624625195069246,3.423423e-01,5.527368e-01,1.000000e+00,40/153,20.43%,CXCL8;GADD45B;SERPINE1;KIR2DL4;HLA-E;NFATC2;HLA-B;TGFB1;PIK3CD;HLA-C;HLA-F;HLA-A;HLA-G;ZFP36L2;MAP2K3;IL6;CCND3;NFATC1;CCND2;TGFBR2;RASSF5;MRAS;MAPK1;ETS1;AKT2;ZFP36L1;CDKN1A;GADD45G;FOXO1;PIK3R1;CALM3;FOXO3;HIPK2;TGFBR1;ITPR2;ITPR1;PTEN;MAPK3;AKT3;MAPKAPK2
prerank,Aldosterone synthesis and secretion,-0.26479106928100044,-1.062048979314547,3.142857e-01,6.015128e-01,1.000000e+00,16/94,12.72%,CALML5;KCNK9;ADCY1;CAMK2B;HSD3B2;KCNK3;ATP1B1;CALML3;HSD3B1;PLCB1;CAMK2A;ADCY8;PRKD1;ITPR3;CACNA1D;LDLR
prerank,Citrate cycle (TCA cycle),-0.3406281786391853,-1.061655994548375,3.249097e-01,5.887523e-01,1.000000e+00,13/29,31.75%,OGDHL;DLAT;MDH2;PCK1;DLD;IDH3A;CS;SDHC;SUCLG1;FH;SDHA;MDH1;SUCLA2
prerank,Thyroid cancer,0.3638140888100238,1.0537270124219387,3.948864e-01,5.713724e-01,1.000000e+00,13/37,27.17%,GADD45B;NTRK1;NCOA4;PPARG;MAPK1;CDKN1A;GADD45G;MAPK3;RXRA;TCF7;MAP2K2;BAK1;MAP2K1
prerank,Tyrosine metabolism,0.37310259461184936,1.0524791841411427,3.781870e-01,5.706718e-01,1.000000e+00,9/35,14.81%,IL4I1;MAOB;AOX1;ADH1C;ALDH3B1;HPD;PNMT;TAT;ADH7
prerank,Cushing syndrome,-0.24522592147595076,-1.0491074349126268,3.333333e-01,6.124489e-01,1.000000e+00,38/144,21.02%,WNT7A;ADCY1;CAMK2B;WNT11;HSD3B2;WNT16;KCNK3;WNT3;HSD3B1;GNAI1;EGFR;WNT7B;FZD6;CCNE2;PLCB1;CAMK2A;FZD9;MRAP;ADCY8;FZD8;ITPR3;CACNA1D;LDLR;CDKN2B;CRHR2;DVL1;STAR;ADCY2;CCNE1;PDE8B;PLCB4;WDR5B;FZD3;ADCY5;E2F1;AHR;CACNA1F;CDK6
prerank,Steroid hormone biosynthesis,-0.28897962879418226,-1.0484569725076598,3.759690e-01,6.008478e-01,1.000000e+00,18/51,22.14%,AKR1C2;CYP3A5;HSD3B2;SULT2B1;HSD3B1;AKR1C3;UGT2B15;CYP7B1;AKR1C4;DHRS11;SRD5A1;CYP3A7-CYP3A51P;CYP3A4;UGT1A7;HSD17B7;CYP3A7;HSD11B2;SRD5A3
prerank,Renin secretion,-0.2772014890337821,-1.0458469635777956,3.271028e-01,5.961305e-01,1.000000e+00,14/66,12.68%,CALML5;CLCA2;EDN2;CALML3;GNAI1;PDE1C;GUCY1A2;PLCB1;ADCYAP1;ADORA1;REN;ITPR3;CACNA1D;EDNRA
prerank,Olfactory transduction,0.32372179774109555,1.0426710806822723,3.931732e-01,5.909808e-01,1.000000e+00,24/78,19.43%,OR2W3;OR2B11;CNGA4;ARRB2;SLC24A4;SLC8A2;SLC8A3;OR2T2;PRKG2;PDE2A;OR52L1;GNG7;ARRB1;OR52N4;CNGA3;OR2T35;PDE1B;RGS2;CALM3;GRK3;SLC8A1;OR4F3;GRK2;PRKACB
prerank,beta-Alanine metabolism,0.3875038065225658,1.042486831792272,4.201439e-01,5.876376e-01,1.000000e+00,7/27,15.20%,SMOX;UPB1;ALDH3B1;DPYS;DPYD;ABAT;ALDH2
prerank,Fatty acid biosynthesis,0.4213295353588006,1.039356928095339,4.162679e-01,5.916154e-01,1.000000e+00,3/17,11.08%,ACSL6;ACSL1;ACSL4
prerank,Insulin signaling pathway,0.304334846549558,1.037845997649299,3.949772e-01,5.915564e-01,1.000000e+00,46/131,27.53%,PKLR;PRKAR2B;PPP1R3A;HK3;PYGM;PIK3CD;SOCS3;RAPGEF1;SLC2A4;PDE3B;MKNK1;GRB2;SH2B2;PPP1R3B;FBP1;CBLB;HK2;SOCS1;IRS4;MAPK1;IRS2;AKT2;PRKAG2;CRKL;FOXO1;PIK3R1;CALM3;PRKACB;FLOT1;MAPK3;AKT3;PRKAR1A;PPARGC1A;PIK3CB;PRKACA;RAF1;PCK2;FLOT2;EIF4E;MAP2K2;ELK1;GYS1;PYGL;ARAF;MAP2K1;SHC4
prerank,Pentose phosphate pathway,0.38562199961561794,1.0280523470204461,4.131387e-01,6.126132e-01,1.000000e+00,12/28,33.32%,TKTL1;PGD;FBP1;RGN;H6PD;TALDO1;RBKS;G6PD;PFKL;GPI;TKT;ALDOA
prerank,Diabetic cardiomyopathy,0.2919512505793179,1.0218730609494373,4.284104e-01,6.243914e-01,1.000000e+00,33/181,19.49%,NCF1;NCF2;PRKCB;RAC2;NCF4;CYBB;MMP9;TGFB1;PIK3CD;CYBA;ACE;CTSD;SLC2A4;ATP2A1;PLCB2;COL1A1;ATP2A3;PRKCD;CD36;COL1A2;TGFBR2;GFPT2;AKT2;PPIF;PLN;MMP2;PDK4;PIK3R1;TGFBR1;PTEN;AGTR1;PDK2;NDUFB11
prerank,Human papillomavirus infection,0.2802135257588227,1.0176682835969963,4.656250e-01,6.313488e-01,1.000000e+00,94/304,25.64%,IBSP;ITGA2B;ITGB3;SPP1;CHAD;THBS1;FASLG;OASL;WNT2;TNN;MFNG;HLA-E;TNF;HLA-B;ITGB7;ITGA4;PIK3CD;CSNK1A1L;CREB5;HLA-C;COMP;HLA-F;PTGER4;PTGS2;ITGA11;ATP6V0D2;HLA-A;ITGA5;HLA-G;COL1A1;IRF1;FN1;TCIRG1;CCND3;GRB2;THBS2;ATP6V1B2;COL1A2;TNC;CCND2;RBPJ;MAPK1;VTN;AKT2;JAK1;VWF;FZD2;CDKN1A;ATP6AP1;FZD7;ATP6V1F;FOXO1;ATP6V0D1;ATP6V0C;CREB3L3;PIK3R1;IKBKG;PTEN;IRF9;IFNAR2;PRKACB;PXN;TYK2;MAPK3;AKT3;TNFRSF1A;COL9A2;EGF;CASP8;TADA3;MAML2;MX2;CDKN1B;TNXB;PIK3CB;PRKACA;IKBKE;RAF1;TRADD;GNAS;WNT5A;FAS;ATP6V0A1;NOTCH1;ITGB5;TCF7;PPP2R2B;IFNAR1;STAT1;ATP6V0A4;CDC42;ITGB1;MAP2K2;RB1
prerank,Hepatocellular carcinoma,0.28981323207819804,1.0079889580806711,4.498886e-01,6.513140e-01,1.000000e+00,33/161,18.67%,GSTM1;GSTA1;GSTM3;PRKCB;GSTA2;HMOX1;GADD45B;WNT2;TGFB1;GSTM2;GSTM5;PIK3CD;CSNK1A1L;GSTM4;DPF1;FRAT1;GRB2;ACTB;TGFBR2;MAPK1;AKT2;FZD2;CDKN1A;GSTA3;GADD45G;FZD7;PLCG2;FRAT2;PIK3R1;GSTO1;TGFBR1;DPF3;PTEN
prerank,Various types of N-glycan biosynthesis,0.35293644363600457,1.0065634851200518,4.648494e-01,6.507949e-01,1.000000e+00,9/36,21.14%,CHST9;MAN1A1;MAN1C1;MGAT1;MGAT4A;HEXB;B4GALT1;HEXA;MAN2A2
prerank,Cocaine addiction,0.3442532340966289,1.0054689426298296,4.602510e-01,6.493832e-01,1.000000e+00,22/45,27.86%,FOSB;CREB5;MAOB;GNAI2;RGS9;SLC18A2;DLG4;GRIN2A;CREB3L3;GRIN2D;JUN;GRIN3A;PRKACB;GRIN3B;PRKACA;DRD2;GNAS;DRD1;MAOA;GNAI3;NFKB1;CREB3L1
prerank,Retinol metabolism,-0.27415458651541186,-1.0047183340905004,4.390244e-01,7.191705e-01,1.000000e+00,16/56,21.94%,SDR16C5;CYP3A5;BCO1;RDH16;CYP27C1;ALDH1A3;UGT2B15;CYP2W1;CYP26A1;CYP3A7-CYP3A51P;RDH13;CYP3A4;UGT1A7;DHRS4L2;CYP3A7;RETSAT
prerank,GABAergic synapse,0.3191308703241327,1.0034467822222815,4.651741e-01,6.507614e-01,1.000000e+00,21/75,15.03%,GABRP;GABRA5;GNG11;PRKCB;CACNA1S;SLC6A12;GNAI2;GNG2;GABRB2;GNGT2;GLUL;GABRB3;GNG7;GNAO1;GABARAPL1;SLC6A13;ADCY7;GABARAP;SLC38A5;ABAT;TRAK2
prerank,Amino sugar and nucleotide sugar metabolism,0.3441357342568178,1.0013514241522683,4.716459e-01,6.518249e-01,1.000000e+00,21/46,29.36%,HK3;CHIT1;RENBP;HEXB;UGDH;HK2;NPL;GFPT2;CYB5R3;NAGK;HEXA;CYB5R4;UAP1L1;CYB5R1;GNE;GNPDA1;GALT;NANS;AMDHD2;UXS1;HK1
prerank,Glycosphingolipid biosynthesis,0.3433883785129995,0.9971703407877858,4.728261e-01,6.581492e-01,1.000000e+00,17/42,19.81%,ST8SIA1;GBGT1;FUT7;A3GALT2;ST3GAL1;GLA;NAGA;ST8SIA5;HEXB;ST6GALNAC6;ST3GAL2;FUT4;ST3GAL6;GLB1;B4GALT1;HEXA;ST6GALNAC4
prerank,cAMP signaling pathway,0.28275105236458054,0.9943577918723809,4.894562e-01,6.611993e-01,1.000000e+00,61/195,20.25%,CNGA4;FFAR2;RAC2;CACNA1S;PDE10A;PDE4B;PIK3CD;GRIA1;FOS;CREB5;MYL9;HCAR3;SSTR5;GNAI2;NFKBIA;ATP1B2;ATP2A1;PDE4A;HCN4;ATP2A3;VAV1;SSTR2;PTGER2;RAP1B;VIPR2;NFATC1;PDE3B;VAV3;GIPR;GHSR;ADCY7;HCAR2;ATP1A2;F2R;MAPK1;AKT2;ADORA2A;PLD2;CNGA3;GRIN2A;PLN;FXYD2;GLI1;ORAI1;OXTR;RAP1A;RHOA;CREB3L3;PIK3R1;CALM3;GRIN2D;JUN;GRIN3A;SUCNR1;PRKACB;ATP2B1;ATP1B3;GRIN3B;ABCC4;MAPK3;AKT3
prerank,Protein export,-0.3317108143092014,-0.9934925938351715,4.889590e-01,7.426743e-01,1.000000e+00,12/23,46.22%,IMMP1L;SEC61G;SRP9;IMMP2L;SEC61A2;SRP72;SEC11A;SRP19;SRP68;SEC11C;SEC63;HSPA5
prerank,Tryptophan metabolism,0.35127386253277465,0.9926605635428604,4.796196e-01,6.612589e-01,1.000000e+00,11/38,16.47%,IL4I1;MAOB;AOX1;KMO;CAT;IDO1;CYP1B1;INMT;HAAO;ALDH2;ASMT
prerank,Arginine and proline metabolism,0.3361838518538773,0.9903332115903803,4.646195e-01,6.628617e-01,1.000000e+00,12/46,19.30%,CKM;ARG1;MAOB;SMOX;SAT1;GATM;LAP3;ALDH2;NOS2;P4HA1;OAT;SAT2
prerank,mRNA surveillance pathway,-0.2431637302176739,-0.9865523974358786,5.254237e-01,7.509815e-01,1.000000e+00,45/94,39.45%,PPP2R2C;MAGOHB;PABPC3;PAPOLB;CPSF4;CPSF6;PABPC1;UPF3A;GSPT2;RBM8A;PABPC4L;CPSF3;PNN;NXT2;PPP2R5E;CPSF1;PABPC1L;NCBP1;CSTF3;SMG5;PPP1CC;PPP2R3A;DAZAP1;NXT1;FUS;PPP2R2A;PPP2R1B;MSI2;NUDT21;CPSF7;UPF3B;WDR33;CPSF4L;PPP1CB;SSU72;SMG1;RNPS1;PPP2CB;ALYREF;PPP2R3B;PELO;CPSF2;RNGTT;SMG7;PPP2R1A
prerank,Cholinergic synapse,0.30248942271010665,0.9853657963541133,5.101796e-01,6.705793e-01,1.000000e+00,39/103,23.32%,GNG11;PRKCB;CACNA1S;PIK3R5;KCNQ2;CHRNA4;PIK3R6;KCNJ18;PIK3CG;PIK3CD;FOS;CREB5;GNAI2;GNG2;GNGT2;FYN;PLCB2;GNG7;GNAO1;ADCY7;MAPK1;AKT2;KCNJ2;CREB3L3;PIK3R1;ITPR2;ITPR1;KCNQ1;PRKACB;MAPK3;AKT3;GNAQ;GNG10;JAK2;PRKCG;ACHE;PIK3CB;PRKACA;ADCY4
prerank,Nicotinate and nicotinamide metabolism,0.3577119878899386,0.9804135283662698,4.928977e-01,6.781072e-01,1.000000e+00,9/33,21.04%,CD38;BST1;AOX1;PNP;NT5M;NAMPT;ENPP1;ENPP3;SIRT2
prerank,MicroRNAs in cancer,0.2801151533057778,0.979893257406661,4.977578e-01,6.752860e-01,1.000000e+00,41/174,19.91%,ITGB3;MIR223;TIMP3;PRKCB;HMOX1;THBS1;TNN;ABCB1;MMP9;PIK3CD;ZEB2;PTGS2;VIM;ITGA5;PIM1;RECK;GRB2;MIR21;MCL1;TNC;DDIT4;CYP1B1;CCND2;SOCS1;MAPK1;IRS2;BMF;CRKL;MARCKS;CDKN1A;ZEB1;RHOA;PLCG2;PIK3R1;RASSF1;TPM1;PTEN;BCL2L11;MAPK7;PLAU;MAPK3
prerank,Vascular smooth muscle contraction,-0.2352628890337011,-0.9772390816623279,5.064935e-01,7.670284e-01,1.000000e+00,11/120,4.99%,CALML5;PLA2G4E;PLA2G4F;PLA2G4D;ADCY1;EDN2;PLA2G3;MYLK3;CALML3;GUCY1A2;ADRA1A
prerank,Amphetamine addiction,-0.26089553909303503,-0.9743379945856273,5.163934e-01,7.614507e-01,1.000000e+00,7/63,7.05%,CALML5;GRIA4;CAMK2B;SLC6A3;CALML3;STX1A;CAMK2A
prerank,Glyoxylate and dicarboxylate metabolism,-0.30514990783186857,-0.9704155859722455,5.033113e-01,7.592583e-01,1.000000e+00,14/27,30.99%,GCSH;AFMID;SHMT2;MCEE;ACAT2;MDH2;DLD;PGP;CS;PCCB;ACAT1;PCCA;ACSS2;MDH1
prerank,Circadian entrainment,-0.24732920556704774,-0.970100362326377,5.129534e-01,7.456146e-01,1.000000e+00,18/89,12.89%,CALML5;GRIA4;ADCY1;GNG4;CAMK2B;CALML3;GNAI1;GUCY1A2;NOS1AP;PLCB1;CAMK2A;ADCYAP1;ADCY8;KCNJ6;ITPR3;CACNA1D;RYR3;GRIN1
prerank,SNARE interactions in vesicular transport,0.34269885332759625,0.9684096286294963,5.212620e-01,6.994211e-01,1.000000e+00,13/33,25.83%,STX11;STX4;STX7;STX2;VAMP7;SNAP23;VAMP2;VAMP3;SNAP29;VAMP1;STX8;VAMP5;VTI1A
prerank,Salivary secretion,0.29726403215700975,0.9673141293103892,5.306633e-01,6.978735e-01,1.000000e+00,30/85,21.34%,CAMP;PRKCB;MUC5B;MUC7;CD38;LYZ;BST1;CST3;ADRB3;PRKG2;ATP1B2;PLCB2;DMBT1;ADCY7;ATP1A2;LPO;FXYD2;CALM3;ITPR2;ITPR1;PRKACB;ATP2B1;ATP1B3;VAMP2;GNAQ;KCNN4;CST2;AMY2B;BEST2;PRKCG
prerank,Colorectal cancer,0.2981278905776165,0.9656267457098274,5.018634e-01,6.978723e-01,1.000000e+00,33/86,29.65%,RAC2;GADD45B;TGFB1;PIK3CD;FOS;EREG;GRB2;TGFBR2;MAPK1;AKT2;CDKN1A;GADD45G;RHOA;RALGDS;PIK3R1;TGFBR1;JUN;BCL2L11;BBC3;MAPK3;AKT3;EGF;PIK3CB;RAF1;TCF7;MAP2K2;BAK1;ARAF;MAP2K1;CASP9;AREG;RALB;CASP3
prerank,Ascorbate and aldarate metabolism,0.36931901404588885,0.9642190663831784,5.183016e-01,6.973019e-01,1.000000e+00,6/25,17.95%,UGT2A2;UGT2A1;UGT2B28;UGDH;ALDH2;RGN
prerank,ErbB signaling pathway,-0.23906687109500568,-0.9569731920587817,5.678392e-01,7.749626e-01,1.000000e+00,9/84,4.84%,ERBB4;CAMK2B;NRG4;BUB1B-PAK6;PAK6;ERBB3;TGFA;SHC3;EGFR
prerank,Phototransduction,-0.32094417837319844,-0.943816423233788,5.421348e-01,8.024367e-01,1.000000e+00,2/21,3.64%,CALML5;CALML3
prerank,Long-term potentiation,-0.24726429491927376,-0.9250736328633543,5.977444e-01,8.482960e-01,1.000000e+00,10/64,12.89%,CALML5;ADCY1;CAMK2B;CALML3;PLCB1;CAMK2A;ADCY8;ITPR3;RPS6KA6;GRIN1
prerank,Wnt signaling pathway,-0.21711482279120742,-0.9240474996372066,7.264151e-01,8.365088e-01,1.000000e+00,24/155,12.50%,WNT7A;TBL1Y;CAMK2B;WNT11;RAC3;WNT16;CTNND2;WNT3;LGR4;WNT7B;FZD6;PLCB1;RSPO4;CAMK2A;FZD9;LRP6;CACYBP;PRICKLE1;FZD8;CTNNBIP1;TBL1XR1;LRP5;SFRP1;RNF43
prerank,Pancreatic secretion,0.28576835793724664,0.9218277437926892,6.068268e-01,7.929886e-01,1.000000e+00,28/84,21.34%,PLA2G2D;CA2;PRKCB;CD38;CPA3;BST1;ATP1B2;ATP2A1;PLCB2;ATP2A3;RAP1B;ADCY7;CTRB1;CTRB2;ATP1A2;FXYD2;RAP1A;RHOA;PLA2G5;RAB8A;ITPR2;ITPR1;KCNQ1;ATP2B1;ATP1B3;GNAQ;AMY2B;PRKCG
prerank,Lysine degradation,-0.24424898329947814,-0.9152925916937009,6.222222e-01,8.488030e-01,1.000000e+00,30/61,41.92%,BBOX1;AADAT;PRDM16;EZH2;SMYD2;CAMKMT;SUV39H2;ACAT2;HYKK;DLD;KMT5C;KMT5A;NSD1;DHTKD1;ALDH7A1;NSD2;ACAT1;EHHADH;ECHS1;HADH;SMYD3;AASS;KMT5B;SETD7;EHMT2;EHMT1;SETDB1;NSD3;SETD1A;ASH1L
prerank,Hippo signaling pathway,-0.2137309356206753,-0.9136203578701799,7.596154e-01,8.384394e-01,1.000000e+00,28/159,14.13%,CTNNA2;WNT7A;BMP4;WNT11;DLG2;WNT16;WNT3;BIRC5;BMP5;PATJ;CDH1;WNT7B;FZD6;PPP2R2C;FZD9;AMH;STK3;ID1;BMPR1B;SCRIB;LLGL2;TEAD4;FZD8;GDF7;TEAD1;DLG3;PARD6B;DVL1
prerank,"Glycine, serine and threonine metabolism",0.3237209213118961,0.9132308238303275,6.051502e-01,8.083969e-01,1.000000e+00,14/36,29.33%,ALAS2;MAOB;SDS;GATM;GLDC;BPGM;GCAT;SARDH;AOC2;MAOA;CTH;PIPOX;ALAS1;PGAM4
prerank,Mannose type O-glycan biosynthesis,-0.31194097509085517,-0.9122955481227777,5.541796e-01,8.278096e-01,1.000000e+00,8/22,23.79%,LARGE2;POMK;B3GALNT2;FKTN;MGAT5B;POMT2;RXYLT1;CHST10
prerank,Bacterial invasion of epithelial cells,0.28590439497730097,0.9121743269497617,6.240695e-01,8.063735e-01,1.000000e+00,35/75,29.87%,DNM3;PIK3CD;SEPTIN1;RHOG;SEPTIN6;ITGA5;ELMO1;FN1;ACTB;ILK;CRKL;HCLS1;VCL;RHOA;PIK3R1;ARPC5;SEPTIN11;PXN;ARPC4;ARPC2;SEPTIN3;PIK3CB;DNM2;CTNNA3;ARPC3;ELMO2;CDC42;ITGB1;ACTG1;SHC4;ACTR2;DNM1;ARHGAP10;GAB1;ARPC1B
prerank,Glycerolipid metabolism,0.2995337002380353,0.9100120421890514,6.062246e-01,8.066205e-01,1.000000e+00,15/52,21.10%,AKR1B10;MOGAT2;GK;GPAT3;GLA;LIPC;AGPAT4;ALDH2;DGAT2;PLPP3;PNPLA2;DGKG;AGPAT1;AKR1B1;LPIN2
prerank,ABC transporters,-0.26333050873647007,-0.9087845042435482,6.231343e-01,8.241318e-01,1.000000e+00,6/43,6.73%,ABCA12;ABCC2;ABCC8;ABCA3;ABCB9;CFTR
prerank,Choline metabolism in cancer,0.27664684502147574,0.9082256779607198,6.251483e-01,8.064207e-01,1.000000e+00,35/95,27.17%,PRKCB;RAC2;WAS;PCYT1B;PIK3CD;FOS;SLC22A4;GRB2;PDGFD;MAPK1;AKT2;PLA2G4C;PLD2;GPCPD1;SLC44A4;PLPP3;RALGDS;PIK3R1;DGKG;PIP5K1C;JUN;MAPK3;AKT3;EGF;PRKCG;PDGFRA;PIK3CB;RAF1;PCYT1A;MAP2K2;DGKZ;CHKB;DGKD;WASF3;MAP2K1
prerank,Fructose and mannose metabolism,0.32912418483286143,0.9043073263362935,5.988701e-01,8.106747e-01,1.000000e+00,5/33,13.08%,AKR1B10;HK3;PFKFB3;FBP1;HK2
prerank,Glucagon signaling pathway,-0.22635734170142643,-0.9001428784267972,6.646707e-01,8.339515e-01,1.000000e+00,24/98,24.59%,CALML5;CAMK2B;LDHC;PRKAA2;CALML3;PLCB1;CAMK2A;PRKAB2;ACACA;ITPR3;PHKG1;PHKA1;ADCY2;PFKP;PLCB4;LDHB;PRKAG3;PCK1;LDHAL6A;CREB3L4;PRMT1;PFKM;PPP4R3B;CAMK2D
prerank,Herpes simplex virus 1 infection,0.24133913179463912,0.8966820254919415,7.836735e-01,8.237934e-01,1.000000e+00,54/473,14.35%,CCL5;ITGB3;HLA-DQA1;HLA-DQB1;CFP;PILRA;FASLG;HLA-DRB1;HLA-DRB5;HLA-DPA1;IFNG;TLR2;HLA-DPB1;HLA-DOA;HLA-DMB;HLA-DRA;IL1B;HLA-E;CCL2;CD74;HLA-DMA;TNF;HLA-B;PIK3CD;HLA-C;HLA-F;SOCS3;POU2F2;NFKBIA;NXF3;ZFP57;B2M;HLA-A;ITGA5;HLA-G;ZNF729;IL6;TLR9;MYD88;HLA-DOB;LTA;IFNGR1;TNFRSF14;HLA-DQA2;IFNGR2;SYK;IL12B;ZNF114;IRF7;NXF2B;ZNF267;NXF2;AKT2;TNFSF14
prerank,Glioma,-0.23222059750312798,-0.8942853255026245,7.205882e-01,8.354050e-01,1.000000e+00,7/75,7.05%,CALML5;CAMK2B;CALML3;TGFA;SHC3;EGFR;CAMK2A
prerank,Oxytocin signaling pathway,0.2580997829899356,0.8936767819884096,6.898955e-01,8.260263e-01,1.000000e+00,50/144,23.79%,PRKCB;CACNA1S;CD38;PIK3R5;PIK3R6;NFATC2;RYR1;KCNJ18;PIK3CG;FOS;MYL9;TRPM2;MYLK2;PTGS2;GNAI2;PLCB2;KCNJ5;NFATC1;GNAO1;ADCY7;ACTB;MAPK1;PRKAG2;CAMK1;PLA2G4C;CDKN1A;OXTR;MEF2C;CACNG6;RHOA;KCNJ2;RGS2;CALM3;ITPR2;ITPR1;JUN;MYL6;PRKACB;MAPK7;MAPK3;GNAQ;PRKCG;CACNA2D4;PRKACA;NOS3;ADCY4;CACNA2D1;RAF1;MYLK;GNAS
prerank,Dopaminergic synapse,-0.21322586269311028,-0.89210484574435,7.777778e-01,8.283702e-01,1.000000e+00,13/120,9.11%,CALML5;SCN1A;GRIA4;GNG4;CAMK2B;SLC6A3;CALML3;GNAI1;PLCB1;CAMK2A;PPP2R2C;CACNA1B;KCNJ6
prerank,Axon guidance,-0.20168611689463697,-0.8913597393817939,8.318584e-01,8.176088e-01,1.000000e+00,33/177,13.86%,DPYSL5;CAMK2B;RAC3;NGEF;EPHA7;BUB1B-PAK6;PAK6;GNAI1;DCC;EPHA4;MET;CAMK2A;SHH;SEMA6C;EFNB2;PLXNB3;RHOD;PTK2;EPHB3;BMPR1B;EPHB4;TRPC4;ROBO3;SEMA3A;NTN4;NTNG1;EPHA2;EPHA1;SEMA3C;GDF7;SEMA3B;SSH3;PARD6B
prerank,Notch signaling pathway,0.2939781313716638,0.888256087899745,6.531165e-01,8.332685e-01,1.000000e+00,17/55,28.65%,PTCRA;MFNG;TLE4;KAT2B;TLE3;RBPJ;APH1B;ATXN1;PSENEN;NUMB;MAML2;NOTCH1;ATXN1L;NCSTN;NUMBL;DTX1;DLL1
prerank,Retrograde endocannabinoid signaling,0.26113891841880793,0.8868901729837411,6.869159e-01,8.317720e-01,1.000000e+00,18/122,12.69%,GABRP;GABRA5;GNG11;PRKCB;CACNA1S;GRM1;GRIA1;PTGS2;GNAI2;GNG2;GABRB2;GNGT2;PLCB2;KCNJ5;GABRB3;GNG7;GNAO1;ADCY7
prerank,Serotonergic synapse,0.2682147988839217,0.8855106557521957,6.826347e-01,8.304028e-01,1.000000e+00,32/98,20.57%,GNG11;PRKCB;ALOX5;CACNA1S;PTGS1;DUSP1;MAOB;PTGS2;GNAI2;GNG2;GABRB2;GNGT2;ALOX15;PLCB2;KCNJ5;ALOX12;GABRB3;GNG7;HTR2A;GNAO1;SLC18A2;MAPK1;PLA2G4C;CYP2C18;ITPR2;ITPR1;PRKACB;MAPK3;SLC6A4;CYP4X1;GNAQ;GNG10
prerank,Pathways of neurodegeneration,0.23862648426505215,0.8846196920935705,7.942974e-01,8.280525e-01,1.000000e+00,70/438,18.51%,TUBB1;DNAH9;SNCA;DNAH12;TNFRSF1B;DNAH10;DNAI1;DNAI2;PRKCB;TUBA8;DNAH3;FASLG;CACNA1S;WNT2;GRM1;IL1B;DNAH6;CYBB;TNF;RYR1;GRIA1;CSNK1A1L;TUBB4A;DNAH7;PTGS2;ATP2A1;PLCB2;ATP2A3;C9orf72;ATG2A;CSF1;MAP2K3;IL6;FRAT1;GPX1;CAT;GABARAPL1;GABARAP;PRNP;MAPK1;NEFM;SEPTIN5;LRRK2;ERN1;XBP1;FZD2;TUBA4A;DLG4;GRIN2A;ATXN1;PPIF;MAP3K10;DNAH1;DNALI1;WIPI1;UBB;DNAH5;NOS2;FZD7;TUBB8;FRAT2;CALM3;RAB8A;GRIN2D;UBC;UBE2L6;GABARAPL2;ITPR2;HIP1;ITPR1
prerank,Folate biosynthesis,-0.2904961269532781,-0.8823928987660754,6.512968e-01,8.273356e-01,1.000000e+00,15/24,28.03%,ALPG;ALPP;AKR1C3;GGH;PAH;PCBD1;SPR;MOCOS;MOCS2;GPHN;TPH1;PTS;MOCS1;DHFR;PCBD2
prerank,Purine metabolism,0.2594014278525135,0.8789371881589785,7.014052e-01,8.358159e-01,1.000000e+00,30/123,21.85%,PKLR;GMPR;ADA2;AMPD1;PDE10A;PDE4B;PDE4A;PNP;PDE2A;GDA;AK7;AMPD3;PDE3B;ENTPD1;ADCY7;NT5M;PDE6G;AK8;AMPD2;NT5C3A;ENPP1;PDE6B;PDE1B;ENPP4;DCK;ENPP3;ENTPD3;PDE7B;AK9;PAPSS2
prerank,Huntington disease,0.24297308741049348,0.875309040297787,7.923729e-01,8.390047e-01,1.000000e+00,37/279,19.49%,TUBB1;DNAH9;DNAH12;DNAH10;DNAI1;DNAI2;TUBA8;DNAH3;KCNJ10;DNAH6;SLC1A3;GRIA1;CREB5;TUBB4A;DNAH7;PLCB2;ATG2A;GPX1;SOD2;PPARG;ERN1;TUBA4A;DLG4;PPIF;MAP3K10;DNAH1;DNALI1;WIPI1;DNAH5;TUBB8;CREB3L3;HIP1;ITPR1;AP2A2;BBC3;TUBA1A;NDUFB11
prerank,RNA degradation,-0.2265194271530428,-0.8747456054262929,7.442922e-01,8.331248e-01,1.000000e+00,31/74,32.93%,LSM5;PNPT1;PABPC3;LSM4;BTG3;HSPD1;PFKP;PABPC1;DIS3L;ENO2;PAN2;EDC3;EXOSC8;CNOT7;EXOSC2;PABPC4L;HSPA9;LSM7;PFKM;PABPC1L;EXOSC4;ENO4;EXOSC7;DCPS;CNOT3;LSM1;EXOSC6;EXOSC9;MTREX;TENT4A;EXOSC5
prerank,Longevity regulating pathway,0.26326433793488585,0.87422281906833,6.929510e-01,8.370521e-01,1.000000e+00,28/99,23.32%,HSPA6;PIK3CD;CREB5;CAT;HSPA1B;SOD2;ADCY7;PPARG;HSPA1A;IRS4;IRS2;AKT2;ADIPOR1;PRKAG2;SESN2;FOXO1;CREB3L3;PIK3R1;FOXO3;PRKACB;AKT3;AKT1S1;CRYAB;HSPA1L;PPARGC1A;PIK3CB;PRKACA;ADCY4
prerank,Gastric acid secretion,0.2735387223674542,0.8640657899842921,6.913100e-01,8.538646e-01,1.000000e+00,28/69,23.79%,CA2;PRKCB;KCNJ10;KCNJ16;HRH2;MYLK2;GNAI2;ATP1B2;PLCB2;KCNK2;SSTR2;KCNJ1;ADCY7;ACTB;ATP1A2;KCNJ2;CALM3;ITPR2;ITPR1;KCNQ1;PRKACB;ATP1B3;GNAQ;PRKCG;PRKACA;ADCY4;MYLK;GNAS
prerank,Aldosterone-regulated sodium reabsorption,0.30649330484273923,0.8635353288456324,6.589595e-01,8.505524e-01,1.000000e+00,12/33,22.78%,PRKCB;PIK3CD;ATP1B2;KCNJ1;ATP1A2;MAPK1;FXYD2;PIK3R1;ATP1B3;MAPK3;PRKCG;PIK3CB
prerank,Spinocerebellar ataxia,0.2534027779448521,0.8631907149266175,7.600923e-01,8.469624e-01,1.000000e+00,26/134,20.42%,PRKCB;FGF14;GRM1;RYR1;PIK3CD;GRIA1;ATP2A1;PLCB2;ATP2A3;ATG2A;RBPJ;AKT2;ERN1;XBP1;GRIN2A;ATXN1;PPIF;WIPI1;PIK3R1;GRIN2D;ITPR2;ITPR1;GRIN3A;GRIN3B;AKT3;GNAQ
prerank,Nicotine addiction,0.32235867867163015,0.8630794891878306,6.710145e-01,8.428226e-01,1.000000e+00,10/28,19.57%,GABRP;GABRA5;CHRNA4;GRIA1;GABRB2;GABRB3;GRIN2A;GRIN2D;GRIN3A;GRIN3B
prerank,Fatty acid degradation,0.29114621987667993,0.8587555571968317,6.871508e-01,8.470790e-01,1.000000e+00,6/43,15.20%,ACSL6;ADH1C;ACSL1;ACSL4;ADH7;ALDH2
prerank,VEGF signaling pathway,0.2788937067533009,0.8560837605930022,7.002618e-01,8.481346e-01,1.000000e+00,23/58,25.56%,PRKCB;RAC2;NFATC2;SH2D2A;PIK3CD;PTGS2;MAPK1;AKT2;PLA2G4C;PLCG2;PIK3R1;PXN;MAPK3;AKT3;MAPKAPK2;MAPKAPK3;PRKCG;PIK3CB;NOS3;RAF1;PPP3CC;CDC42;MAP2K2
prerank,Signaling pathways regulating pluripotency of stem cells,-0.20752911108527258,-0.8551982662901157,8.872180e-01,8.637699e-01,1.000000e+00,16/130,9.70%,WNT7A;DLX5;HOXD1;BMP4;WNT11;ACVR1C;DUSP9;WNT16;WNT3;WNT7B;FZD6;FZD9;PAX6;ID1;BMPR1B;IGF1R
prerank,Long-term depression,0.27893409291618,0.8482080706647164,7.165354e-01,8.594400e-01,1.000000e+00,18/55,21.34%,PRKCB;GRM1;GNAZ;RYR1;GRIA1;GNAI2;PRKG2;PLCB2;GNA13;LYN;GNAO1;MAPK1;PLA2G4C;ITPR2;ITPR1;MAPK3;GNAQ;PRKCG
prerank,AMPK signaling pathway,0.2513713254349871,0.845631901518861,7.750294e-01,8.600665e-01,1.000000e+00,36/116,28.15%,PFKFB3;LEP;PIK3CD;CREB5;SLC2A4;LEPR;STRADB;SCD5;CD36;PPARG;FBP1;IRS4;IRS2;AKT2;ADIPOR1;PRKAG2;FOXO1;CREB3L3;PIK3R1;RAB8A;FOXO3;AKT3;TBC1D1;AKT1S1;PPARGC1A;PIK3CB;PCK2;PPP2R2B;CRTC2;CPT1A;GYS1;PPP2R5B;RAB11B;PFKFB4;CREB3L1;CAB39
prerank,Fatty acid elongation,-0.2684864064806792,-0.8383901151854419,7.340067e-01,8.842636e-01,1.000000e+00,9/26,27.07%,ELOVL6;HACD3;ELOVL4;THEM5;HACD1;MECR;HACD2;THEM4;HSD17B12
prerank,Amyotrophic lateral sclerosis,0.22802074555711277,0.8369141068964219,8.767123e-01,8.729907e-01,1.000000e+00,53/334,21.83%,TUBB1;DNAH9;DNAH12;TNFRSF1B;DNAH10;DNAI1;DNAI2;TUBA8;DNAH3;DNAH6;TNF;GRIA1;TUBB4A;DNAH7;NXF3;CASP1;C9orf72;ATG2A;MAP2K3;GPX1;CAT;GABARAPL1;ACTB;NXF2B;GABARAP;NXF2;NEFM;ERN1;XBP1;TUBA4A;GRIN2A;DNAH1;DNALI1;WIPI1;DNAH5;NOS2;NRG2;TUBB8;NUP54;RAB8A;GRIN2D;GABARAPL2;TUBA1A;NDUFB11;FIG4;ANG;TNFRSF1A;NXF1;DNAH17;ANXA11;SMCR8;PRPH;NXF5
prerank,Oxidative phosphorylation,-0.197846542734902,-0.8101695379416309,8.874172e-01,9.211281e-01,1.000000e+00,54/112,39.11%,ATP6V1B1;ATP6V1E2;NDUFB9;ATP6V1C2;NDUFS6;ATP5MF;COX6C;CYC1;NDUFA9;PPA1;COX17;ATP5PF;COX5A;NDUFAB1;NDUFC2-KCTD14;ATP5MC1;NDUFB2;NDUFB5;NDUFB3;NDUFA10;UQCRB;COX7C;COX7A2;SDHC;NDUFC2;ATP5F1C;COX6A1;NDUFV3;NDUFA12;ATP5F1B;NDUFB1;COX4I2;SDHA;UQCRH;NDUFC1;COX5B;PPA2;ATP5PO;ATP6V0E2;COX7A2L;NDUFA2;ATP6V1G1;COX7B;UQCRQ;ATP6V1H;NDUFA5;ATP5F1A;ATP5MG;NDUFB10;COX11;ATP5MC2;NDUFV1;ATP5PD;UQCRFS1
prerank,N-Glycan biosynthesis,0.2714345514404522,0.8096504007620607,7.816712e-01,9.176841e-01,1.000000e+00,8/48,21.14%,MAN1A1;MAN1C1;MGAT1;MGAT4A;MGAT3;ST6GAL1;B4GALT1;MAN2A2
prerank,Protein processing in endoplasmic reticulum,0.2321977456861373,0.8067324188535973,8.581006e-01,9.181721e-01,1.000000e+00,70/164,37.00%,HSPA6;DNAJC5B;DERL3;MAN1A1;MAN1C1;HERPUD1;HSPA1B;HSPA1A;PPP1R15A;ERN1;NGLY1;XBP1;SSR4;BAG1;FBXO2;SEL1L;SVIP;FBXO6;DNAJC5;UBE2D1;UBXN6;SEC24A;CRYAB;HSPA1L;MMP24-AS1-EDEM2;TXNDC5;EDEM2;YOD1;ERO1B;RNF185;RBX1;MAP3K5;DNAJC1;UBE2J1;WFS1;UBE2D3;BAK1;SEC24B;RNF5;OS9;SEC24D;EDEM1;ATF6;AMFR;SEC23B;SYVN1;VCP;EIF2AK3;SEC31A;ATF6B;MAN1A2;SEC23A;HSPH1;DDIT3;DAD1;SSR2;BCAP31;SEC62;ATXN3;DNAJB2;ATF4;NSFL1C;DERL2;SEC31B;RRBP1;UBQLN2;LMAN2;RPN1;DNAJB12;BCL2
prerank,Proximal tubule bicarbonate reclamation,0.3155801769920976,0.8061816194501584,7.245337e-01,9.145944e-01,1.000000e+00,5/22,15.72%,CA2;CA4;ATP1B2;ATP1A2;FXYD2
prerank,Central carbon metabolism in cancer,0.2561298778195783,0.8042584333828564,7.965475e-01,9.132994e-01,1.000000e+00,29/68,30.75%,HK3;PIK3CD;FLT3;FGFR1;NTRK1;NTRK3;HK2;SCO2;MAPK1;AKT2;SLC16A3;PIK3R1;PTEN;MAPK3;AKT3;IDH1;PDGFRA;PIK3CB;FGFR2;RAF1;PDK1;MAP2K2;MAP2K1;PGAM4;HK1;G6PD;PFKL;SIRT6;LDHA
prerank,Pyrimidine metabolism,0.2626169985924674,0.7994591639257814,7.987013e-01,9.168222e-01,1.000000e+00,16/54,22.51%,CDA;TYMP;UPB1;PNP;UPP1;ENTPD1;DPYS;NT5M;DPYD;NT5C3A;ENPP1;DCK;ENPP3;ENTPD3;AK9;TK2
prerank,Selenocompound metabolism,-0.28081558257878464,-0.793979200611157,7.316384e-01,9.306068e-01,1.000000e+00,5/17,19.00%,TXNRD3;KYAT1;TXNRD1;MARS2;SEPHS1
prerank,Breast cancer,0.22904316044994757,0.7804483319644376,8.710434e-01,9.424948e-01,1.000000e+00,40/131,27.54%,FGF5;FGF9;GADD45B;WNT2;PIK3CD;FOS;CSNK1A1L;ESR1;FGFR1;FRAT1;GRB2;NFKB2;FGF1;MAPK1;AKT2;FGF2;FZD2;CDKN1A;GADD45G;FZD7;FRAT2;PIK3R1;JUN;PTEN;FGF10;MAPK3;AKT3;EGF;PIK3CB;RAF1;WNT5A;NOTCH1;TCF7;MAP2K2;RB1;BAK1;ARAF;MAP2K1;SHC4;WNT6
prerank,Cortisol synthesis and secretion,0.2522742106900197,0.7766314875821323,8.459564e-01,9.438148e-01,1.000000e+00,20/61,23.79%,CACNA1S;CYP11B1;CREB5;CYP21A2;PLCB2;KCNK2;CYP11A1;NR4A1;ADCY7;ORAI1;CREB3L3;ITPR2;ITPR1;AGTR1;PRKACB;GNAQ;NCEH1;PRKACA;ADCY4;GNAS
prerank,Tight junction,-0.17963795230870822,-0.7763098973394038,9.907407e-01,9.405710e-01,1.000000e+00,28/155,13.86%,CLDN9;OCLN;DLG2;PRKAA2;CD1A;CLDN2;CLDN3;PATJ;CLDN4;CFTR;PPP2R2C;ARPC1A;CRB3;PRKAB2;MARVELD2;MYH14;SCRIB;LLGL2;NEDD4L;CLDN1;TJP2;MARVELD3;CACNA1D;CLDN7;DLG3;EPB41L4B;TJP1;PARD6B
prerank,mTOR signaling pathway,-0.178446575567471,-0.769733367090353,9.669421e-01,9.352654e-01,1.000000e+00,17/146,11.60%,WNT7A;WNT11;WNT16;PRKAA2;WNT3;ATP6V1B1;ATP6V1E2;WNT7B;FZD6;DEPTOR;FZD9;LRP6;ATP6V1C2;IGF1R;FZD8;RPS6KA6;LRP5
prerank,Hedgehog signaling pathway,0.25633591914749904,0.7640637312762459,8.474114e-01,9.580708e-01,1.000000e+00,18/55,25.39%,ARRB2;CSNK1A1L;IHH;HHATL;DHH;ARRB1;GAS1;CCND2;GLI1;GRK3;GPR161;GRK2;PRKACB;GLI2;PRKACA;SUFU;CSNK1D;MGRN1
prerank,Gastric cancer,0.22384999645135398,0.7620700260155027,9.133949e-01,9.562912e-01,1.000000e+00,45/132,27.54%,FGF5;FGF9;GADD45B;MUC2;WNT2;ABCB1;TGFB1;PIK3CD;CSNK1A1L;FRAT1;GRB2;TGFBR2;FGF1;MAPK1;AKT2;FGF2;FZD2;CDKN1A;GADD45G;FZD7;FRAT2;PIK3R1;TGFBR1;FGF10;MAPK3;AKT3;EGF;RXRA;CDH17;CDKN1B;PIK3CB;FGFR2;CTNNA3;RARB;RAF1;WNT5A;TCF7;MAP2K2;RB1;BAK1;HGF;ARAF;MAP2K1;SHC4;WNT6
prerank,Glycolysis / Gluconeogenesis,0.2441092545964147,0.7547023502545885,8.621997e-01,9.619068e-01,1.000000e+00,17/62,25.65%,PKLR;HK3;ADH1C;ALDH3B1;FBP1;HK2;MINPP1;ADH7;ALDH2;GALM;ENO3;BPGM;ADPGK;PCK2;ALDH9A1;PGK1;ADH1B
prerank,Inositol phosphate metabolism,0.2362845671686009,0.7411592554974064,8.974359e-01,9.742122e-01,1.000000e+00,20/73,19.70%,PIK3CG;PIK3CD;INPP5D;PIP4K2A;PLCB2;MINPP1;PLCD1;IPMK;MTMR14;MTMR6;INPP4A;INPP5K;PLCG2;PI4KA;ITPK1;MTMR3;PIP5K1C;PTEN;PI4K2A;FIG4
prerank,Sphingolipid metabolism,0.254222701249198,0.7398610407540832,8.703448e-01,9.710884e-01,1.000000e+00,24/43,35.20%,ASAH1;GLA;GALC;PSAP;ARSA;SMPD1;CERS4;PLPP3;GLB1;NEU1;CERK;ACER2;UGCG;ACER3;GAL3ST1;SPHK1;PLPP1;SGPP1;GBA2;NEU3;SMPD2;SGMS2;B4GALT6;SPTLC2
prerank,Vibrio cholerae infection,0.2452692530118552,0.7374612467417335,8.611482e-01,9.691746e-01,1.000000e+00,19/47,27.94%,ATP6V0D2;TCIRG1;ATP6V1B2;ACTB;ATP6AP1;ATP6V1F;PLCG2;ATP6V0D1;ATP6V0C;KCNQ1;PRKACB;PRKACA;GNAS;ATP6V0A1;ATP6V0A4;ACTG1;ARF1;ATP6V0E1;ATP6V0B
prerank,Thyroid hormone synthesis,0.23621193069238824,0.7319481045559625,8.955026e-01,9.710291e-01,1.000000e+00,23/67,24.32%,PRKCB;ASGR2;SLC26A4;CREB5;ATP1B2;PLCB2;ASGR1;GPX1;ADCY7;ATP1A2;FXYD2;CREB3L3;ITPR2;ITPR1;PRKACB;ATP1B3;GNAQ;PRKCG;PRKACA;ADCY4;TSHR;GNAS;SLC5A5
prerank,Other types of O-glycan biosynthesis,-0.20805435664882987,-0.731580414347744,9.409449e-01,9.585825e-01,1.000000e+00,5/46,11.89%,GALNT14;GALNT13;GALNT12;GALNT3;C1GALT1C1L
prerank,Arginine biosynthesis,0.27945833361935035,0.7042469398264507,8.429878e-01,9.945834e-01,1.000000e+00,4/20,17.29%,ARG1;GLUL;NOS2;CPS1
prerank,Small cell lung cancer,0.20774087017647505,0.6824109256211239,9.658120e-01,1.000000e+00,1.000000e+00,31/92,27.83%,ITGA2B;GADD45B;PIK3CD;PTGS2;NFKBIA;MAX;FN1;AKT2;TRAF1;CDKN1A;GADD45G;NOS2;BIRC7;PIK3R1;IKBKG;PTEN;AKT3;RXRA;CDKN1B;PIK3CB;ZBTB17;RARB;BIRC3;FHIT;ITGB1;RB1;BAK1;LAMB2;NFKB1;CASP9;BCL2L1
prerank,Alzheimer disease,0.1826940104479938,0.6697489040885213,9.989627e-01,1.000000e+00,1.000000e+00,51/335,20.68%,TUBB1;SNCA;TUBA8;CACNA1S;WNT2;IL1B;CYBB;TNF;PIK3CD;CSNK1A1L;TUBB4A;PTGS2;APOE;ATP2A1;PLCB2;ATP2A3;ATG2A;CSF1;IL6;FRAT1;LRP1;APBB1;IRS4;MAPK1;IRS2;AKT2;ERN1;XBP1;APH1B;FZD2;TUBA4A;GRIN2A;PPIF;WIPI1;NOS2;FZD7;TUBB8;FRAT2;PIK3R1;CALM3;GRIN2D;ITPR2;PSENEN;ITPR1;TUBA1A;NDUFB11;MAPK3;AKT3;GNAQ;MME;TNFRSF1A
prerank,Thermogenesis,-0.15025194397485295,-0.6683636340259242,1.000000e+00,9.826642e-01,1.000000e+00,75/209,33.34%,ADCY1;PRKAA2;NDUFB9;PRKAB2;ADCY8;COX19;KDM1A;NDUFS6;PRDM16;ATP5MF;SLC25A29;COA6;RPS6KA6;COX6C;NDUFAF2;CYC1;MAPK12;COX20;NDUFA9;NDUFAF5;ADCY2;COX17;NDUFAF6;ATP5PF;KLB;COX5A;SMARCA4;NDUFAB1;NDUFC2-KCTD14;COA4;ADCY5;SMARCD2;COA3;PRKAG3;COA1;ATP5MC1;NDUFB2;CREB3L4;NDUFB5;PRKG1;COA5;NDUFB3;NDUFA10;CPT1C;UQCRB;COX16;NDUFAF4;COX7C;COX7A2;PLIN1;SDHC;HRAS;NDUFC2;ATP5F1C;COX6A1;NDUFV3;NDUFA12;ACTL6A;FRS2;LIPE;ATP5F1B;SMARCD1;NDUFB1;COX4I2;SDHA;NDUFAF1;UQCRH;NDUFC1;COX5B;MAPK13;SMARCE1;COA7;ATP5PO;NDUFAF8;ADCY6
prerank,Glycerophospholipid metabolism,0.20498345536320367,0.6655849195550761,9.547739e-01,1.000000e+00,1.000000e+00,20/90,19.32%,PLA2G2D;PCYT1B;PLA1A;PLD3;PLA2G15;GPAT3;PNPLA6;AGPAT4;PHOSPHO1;LPCAT2;PLB1;PLA2G4C;PLD2;GPCPD1;PLPP3;PLA2G5;DGKG;PGS1;MBOAT7;AGPAT1
prerank,Adherens junction,0.2075903376635256,0.6614755632314795,9.584906e-01,1.000000e+00,1.000000e+00,16/71,20.70%,RAC2;WAS;FYN;PTPN6;SNAI1;PTPRJ;FGFR1;ACTB;TGFBR2;MAPK1;ACTN1;VCL;RHOA;TGFBR1;MAPK3;NLK
prerank,Vasopressin-regulated water reabsorption,0.22240088631613392,0.6392475779278354,9.512195e-01,1.000000e+00,1.000000e+00,17/41,30.26%,CREB5;ARHGDIB;STX4;CREB3L3;RAB5C;PRKACB;VAMP2;ARHGDIA;AQP3;PRKACA;GNAS;RAB11B;CREB3L1;RAB11A;CREB1;ADCY3;DYNC1LI1
prerank,Phosphatidylinositol signaling system,0.18865338402753098,0.6184798996857647,9.816850e-01,1.000000e+00,1.000000e+00,27/96,22.78%,PRKCB;PIK3CD;INPP5D;PIP4K2A;PIP4P2;PLCB2;PLCD1;IPMK;MTMR14;MTMR6;INPP4A;PLCG2;PI4KA;PIK3R1;ITPK1;CALM3;DGKG;MTMR3;ITPR2;PIP5K1C;ITPR1;PTEN;PI4K2A;PRKCG;CDS2;SYNJ1;PIK3CB
prerank,Cysteine and methionine metabolism,0.20822683579159634,0.6087556645129528,9.815789e-01,1.000000e+00,1.000000e+00,6/47,13.50%,IL4I1;MAT1A;SDS;BCAT1;GCLM;TAT
prerank,Circadian rhythm,0.20220741040046397,0.5564093806234969,9.817416e-01,1.000000e+00,1.000000e+00,12/30,31.47%,PER1;PRKAG2;BHLHE41;RORB;RBX1;CSNK1D;RORC;CRY2;BHLHE40;CREB1;CSNK1E;TPTEP2-CSNK1E
prerank,Peroxisome,0.1622991834931321,0.5223168919698228,1.000000e+00,1.000000e+00,1.000000e+00,23/78,29.07%,ACSL6;ABCD2;ACSL1;ACSL4;CAT;SOD2;MPV17L;SLC27A2;NOS2;DDO;ACAA1;IDH1;CRAT;GSTK1;HSD17B4;ECH1;HMGCLL1;PAOX;ABCD4;ABCD1;PIPOX;PRDX1;ECI2
prerank,"Valine, leucine and isoleucine degradation",0.1736201775475698,0.509312811213532,9.959623e-01,1.000000e+00,1.000000e+00,5/47,15.20%,IL4I1;AOX1;BCAT1;ABAT;ALDH2
prerank,Pyruvate metabolism,0.17165069110257436,0.5032661770121215,9.960053e-01,1.000000e+00,1.000000e+00,6/45,18.82%,PKLR;ADH1C;ADH7;ALDH2;HAGH;PC
prerank,Biosynthesis of unsaturated fatty acids,0.1885650679562764,0.49666857045677454,9.912023e-01,1.000000e+00,1.000000e+00,3/26,12.99%,HACD4;SCD5;ELOVL7
prerank,Proteasome,-0.13626960850624106,-0.4853419659421152,1.000000e+00,9.985429e-01,1.000000e+00,26/44,43.54%,SEM1;PSMA4;PSMC2;PSMC6;PSMD1;PSMA6;PSMD14;PSMC1;PSMC5;PSMB7;PSMB4;PSMD3;PSMD11;PSMB5;PSMA2;PSMD2;PSMD12;PSMC3;PSMA1;PSMD4;PSME4;PSMB2;PSME3;PSMA7;PSMA5;PSMA3
prerank,Parkinson disease,0.12104853529760717,0.430866563291915,1.000000e+00,1.000000e+00,1.000000e+00,48/225,28.07%,TUBB1;SNCA;TUBA8;DUSP1;TUBB4A;MAOB;GNAI2;SLC18A2;SEPTIN5;ADORA2A;LRRK2;ERN1;XBP1;TUBA4A;PPIF;UBB;TUBB8;CALM3;UBC;UBE2L6;ITPR2;ITPR1;TUBA1A;PRKACB;NDUFB11;UBA1;SNCAIP;UBE2L3;UCHL1;PRKACA;DRD2;COX6B2;GNAS;UBA7;PSMD8;DRD1;UBA52;MAP3K5;PINK1;UBE2J1;MAOA;GNAL;GNAI3;COX7A1;CASP9;BCL2L1;KIF5A;COX6B1
prerank,Ubiquitin mediated proteolysis,0.12581885290186343,0.4262867491868801,1.000000e+00,9.995253e-01,1.000000e+00,37/137,30.88%,AIRE;SOCS3;CBLB;SOCS1;HERC3;UBB;FBXO2;BIRC7;UBC;UBE2L6;UBE2D1;UBA1;MAP3K1;PPIL2;UBE2L3;BIRC3;RCHY1;UBA7;RHOBTB1;HERC1;FBXW7;RBX1;UBA52;MGRN1;UBE2J1;UBE2D3;PIAS1;UBE2E1;UBE2E2;UBE2R2;WWP2;KLHL13;UBE2F;UBE2B;VHL;UBE2H;SYVN1
